image;commit;size
564.jpg;f33fb5fedc8c887999b9bae68d4144d979062944;17767
689.jpg;f33fb5fedc8c887999b9bae68d4144d979062944;17059
668.jpg;f33fb5fedc8c887999b9bae68d4144d979062944;17779
531.jpg;f33fb5fedc8c887999b9bae68d4144d979062944;26859
533.jpg;f33fb5fedc8c887999b9bae68d4144d979062944;19203
494.jpg;f33fb5fedc8c887999b9bae68d4144d979062944;18025
2.jpg;f33fb5fedc8c887999b9bae68d4144d979062944;32725
516.jpg;f33fb5fedc8c887999b9bae68d4144d979062944;20921
503.jpg;f33fb5fedc8c887999b9bae68d4144d979062944;14538
545.jpg;f33fb5fedc8c887999b9bae68d4144d979062944;17085
550.jpg;f33fb5fedc8c887999b9bae68d4144d979062944;20230
526.jpg;f33fb5fedc8c887999b9bae68d4144d979062944;19257
530.jpg;f33fb5fedc8c887999b9bae68d4144d979062944;36154
450.jpg;f33fb5fedc8c887999b9bae68d4144d979062944;22942
1.jpg;f33fb5fedc8c887999b9bae68d4144d979062944;35965
487.jpg;f33fb5fedc8c887999b9bae68d4144d979062944;29893
462.jpg;f33fb5fedc8c887999b9bae68d4144d979062944;15303
525.jpg;f33fb5fedc8c887999b9bae68d4144d979062944;16686
703.jpg;f33fb5fedc8c887999b9bae68d4144d979062944;14549
510.jpg;f33fb5fedc8c887999b9bae68d4144d979062944;42427
673.jpg;f33fb5fedc8c887999b9bae68d4144d979062944;24635
645.jpg;f33fb5fedc8c887999b9bae68d4144d979062944;25751
681.jpg;f33fb5fedc8c887999b9bae68d4144d979062944;26733
466.jpg;f33fb5fedc8c887999b9bae68d4144d979062944;35846
642.jpg;f33fb5fedc8c887999b9bae68d4144d979062944;20086
706.jpg;f33fb5fedc8c887999b9bae68d4144d979062944;21917
655.jpg;f33fb5fedc8c887999b9bae68d4144d979062944;30635
587.jpg;f33fb5fedc8c887999b9bae68d4144d979062944;20424
569.jpg;f33fb5fedc8c887999b9bae68d4144d979062944;16156
693.jpg;f33fb5fedc8c887999b9bae68d4144d979062944;12533
694.jpg;f33fb5fedc8c887999b9bae68d4144d979062944;25451
523.jpg;f33fb5fedc8c887999b9bae68d4144d979062944;22623
451.jpg;f33fb5fedc8c887999b9bae68d4144d979062944;20905
661.jpg;f33fb5fedc8c887999b9bae68d4144d979062944;42586
