image;commit
564.jpg;cc07ae86e72c0808b17ced39bda974ed75aa2237
689.jpg;cc07ae86e72c0808b17ced39bda974ed75aa2237
668.jpg;cc07ae86e72c0808b17ced39bda974ed75aa2237
531.jpg;cc07ae86e72c0808b17ced39bda974ed75aa2237
533.jpg;cc07ae86e72c0808b17ced39bda974ed75aa2237
494.jpg;cc07ae86e72c0808b17ced39bda974ed75aa2237
2.jpg;cc07ae86e72c0808b17ced39bda974ed75aa2237
516.jpg;cc07ae86e72c0808b17ced39bda974ed75aa2237
503.jpg;cc07ae86e72c0808b17ced39bda974ed75aa2237
545.jpg;cc07ae86e72c0808b17ced39bda974ed75aa2237
550.jpg;cc07ae86e72c0808b17ced39bda974ed75aa2237
526.jpg;cc07ae86e72c0808b17ced39bda974ed75aa2237
530.jpg;cc07ae86e72c0808b17ced39bda974ed75aa2237
450.jpg;cc07ae86e72c0808b17ced39bda974ed75aa2237
1.jpg;f1c5d634e3a7d3ae9c10864ff60c6b1ae988a9ea
487.jpg;cc07ae86e72c0808b17ced39bda974ed75aa2237
462.jpg;cc07ae86e72c0808b17ced39bda974ed75aa2237
525.jpg;cc07ae86e72c0808b17ced39bda974ed75aa2237
703.jpg;cc07ae86e72c0808b17ced39bda974ed75aa2237
510.jpg;cc07ae86e72c0808b17ced39bda974ed75aa2237
673.jpg;cc07ae86e72c0808b17ced39bda974ed75aa2237
645.jpg;cc07ae86e72c0808b17ced39bda974ed75aa2237
681.jpg;cc07ae86e72c0808b17ced39bda974ed75aa2237
466.jpg;cc07ae86e72c0808b17ced39bda974ed75aa2237
642.jpg;cc07ae86e72c0808b17ced39bda974ed75aa2237
706.jpg;cc07ae86e72c0808b17ced39bda974ed75aa2237
655.jpg;cc07ae86e72c0808b17ced39bda974ed75aa2237
587.jpg;cc07ae86e72c0808b17ced39bda974ed75aa2237
569.jpg;cc07ae86e72c0808b17ced39bda974ed75aa2237
693.jpg;cc07ae86e72c0808b17ced39bda974ed75aa2237
694.jpg;cc07ae86e72c0808b17ced39bda974ed75aa2237
523.jpg;cc07ae86e72c0808b17ced39bda974ed75aa2237
451.jpg;cc07ae86e72c0808b17ced39bda974ed75aa2237
661.jpg;cc07ae86e72c0808b17ced39bda974ed75aa2237
