id;name;image
564;7UP;564.jpg
689;Andros Jus Pomme;689.jpg
668;Glass Orange;668.jpg
531;Aicha Confiture;531.jpg
533;Confiture;533.jpg
494;Pâte à tartiner aux noisettes et au cacao;494.jpg
2;Sidi Ali;2.jpg
516;Huile Halal;516.jpg
503;Huile d’olive;503.jpg
545;Huile d’olive;545.jpg
550;Huile végétale;550.jpg
526;Oni Huile;526.jpg
530;Oni Huile - lot;530.jpg
450;Daya Avocat;450.jpg
1;Fromage blanc nature;1.jpg
487;Ghilal;487.jpg
462;Pizzarella Premium;462.jpg
525;Ecore Lessive;525.jpg
703;Maxis Lessive;703.jpg
510;Dari Couscous;510.jpg
673;Farine / produit alimentaire;673.jpg
645;Jibal / Produit céréales;645.jpg
681;Semoule / couscous;681.jpg
466;Assaisonnement aromatisé au citron;466.jpg
642;Heinz Ketchup;642.jpg
706;Lesieur Mayonnaise légère;706.jpg
655;Panzani Sauce tomate;655.jpg
587;Sauce barbecue;587.jpg
569;Sauce piquante;569.jpg
693;Sauce piquante;693.jpg
694;Star Sauces - assortiment;694.jpg
523;Sucre;523.jpg
451;Pringles Sare;451.jpg
661;Marrakech Épices;661.jpg
