id;name;barcode;price
187;Biscotti;6111259347434;0.00
309;Chocup;6111259340060;0.00
260;Cuetara Digesta Light 200G Marie Cookies;8434165437418;0.00
122;Eyoo cover;6111259340992;0.00
143;Golden;6111031005651;0.00
82;Henry's Petit Surfin;3362600011006;0.00
41;Henry’s;3362600011044;0.00
541;Kenz Biscuits;;0.00
684;Kenz Biscuits;;0.00
449;Lotus biscoff;5410126006049;0.00
281;Megachok;8412674005021;0.00
313;Merendina;6111031005453;0.00
127;Pauz;6111259347861;0.00
390;Suprême;6111259346741;0.00
148;Tagger;6111031005033;0.00
263;Tango;6111031005095;0.00
18;Tonik;6111031005064;0.00
402;Top cookies;6111259341517;0.00
483;Whola Digestive Biscuits Classic;8690526082004;0.00
485;tuc original;7622202026980;0.00
379;vamos;6111271590498;0.00
65;Печиво zero sugar free;8410376009392;0.00
507;7UP;;0.00
564;7UP;;0.00
678;7UP;;0.00
475;Abtal;6111251752762;0.00
476;Aiguebelle;6111017046548;0.00
9;Ain Saïss;6111128000071;0.00
689;Andros Jus Pomme;;0.00
495;Biscuits Tacos au Cacao;6111242600553;0.00
705;Boustan Mangue;;0.00
509;Boustan Nectar Orange;;0.00
529;Bouteilles de jus;;0.00
139;Caobel;6111017007013;0.00
162;Cappy PULPY;90382383;0.00
19;Cappy PULPY;5449000147417;0.00
455;Chocao energie;6111180010414;0.00
230;Chocolat Noir 92% cacao;8410510012196;0.00
366;Chocolat Tentation Noir Gourmand Amandes;6111017042427;0.00
320;Chocolat monogram;6111025120605;0.00
68;Chocolate con leche y almendras;8425197712024;0.00
275;Classic;6111250470254;0.00
174;Coca - Cola;42105220;0.00
463;Coca - Cola;5449000000286;0.00
543;Coca - Cola;;0.00
568;Coca - Cola;;0.00
573;Coca - Cola;;0.00
677;Coca - Cola;;0.00
26;Coca - Cola Original Taste;5449000054227;0.00
170;Coca - Cola original taste;90338243;0.00
337;Coca - Cola slim 25cl;5449000008046;0.00
114;Coca Cola Original taste;5449000000439;0.00
414;Coca cola zero;90375323;0.00
193;Cocacola zero sugar;5449000133328;0.00
437;Cooky chocolate;6111259346352;0.00
196;Danettz Chocolat;6111032006749;0.00
412;Danone max red fruit;6111032009412;0.00
470;Disfruta Frutas Y Vitaminas Brik imp;8410707000241;0.00
641;Disfruta Jus;;0.00
417;FRUT MAX;6111242926806;0.00
481;Fanta Orange;6111259347106;0.00
555;Fanta Orange;;0.00
570;Fanta Orange;;0.00
634;Fanta Orange;;0.00
648;Fanta Orange;;0.00
352;Flash Wondermint Gum;6111199000017;0.00
557;Glass Orange;;0.00
668;Glass Orange;;0.00
311;Granola chocolate / pieces of chocolate;5900617002983;0.00
324;Gullon ostya Kakaó 60g;8410376059373;0.00
376;HAWAI ANANAS;5449000036919;0.00
66;Hawai Tropical;5449000036872;0.00
478;Hawaii;90418235;0.00
375;Haway tropical;5449000025272;0.00
197;Ice Passion;6111243860376;0.00
257;Jibi;6111032007128;0.00
297;Jutos;6111242106666;0.00
385;Jutos;6111242106673;0.00
575;Jutos Orange;;0.00
653;Jutos Orange;;0.00
291;Jutos cocktail;6111242106277;0.00
117;King cookies choco;6111259343344;0.00
498;Lemon;50112784;0.00
185;Marhaba;6111260680452;0.00
644;Marjane Nectar Orange;;0.00
387;Mejora;6111017045404;0.00
58;Merendina;6111031005439;0.00
91;Momo black;6111259341197;0.00
231;Napolitain Noir;6111017045329;0.00
398;Nectar Orange;6111179003847;0.00
654;Nectar Orange;;0.00
300;Nesquik Cereal;7613287366665;0.00
145;Nesquik Cocoa;7613287431943;0.00
400;Nutabella;6111265980243;0.00
332;Orangina et sa Pulpe !;8435185101112;0.00
473;Oreo chocolate;6111031005590;0.00
371;Oulmes virgin mojito;6111035002113;0.00
522;Pepsi;;0.00
665;Pepsi;;0.00
447;Pepsi 2L;6111252420059;0.00
265;Poms 2;5449000036957;0.00
156;Press Up moyen;6111242107366;0.00
244;Príncipe crema de chocolate;7622210204424;0.00
456;Pulpy pècne;5449000203823;0.00
321;Pâte à tartiner;6111262820245;0.00
652;Rubicon Jus;;0.00
643;Rubicon Orange;;0.00
327;Sandwich Zero Sin Azúcares;8410376037784;0.00
341;Schweppes citron 45cl;5449000318947;0.00
295;Simon life;8410261643014;0.00
325;Spofy;3362600017619;0.00
206;Sprite;5449000015105;0.00
393;Sting - Berry Blast;6111252422169;0.00
349;Tentation;6111017046029;0.00
342;Tentation aiguebelle;6111017046043;0.00
419;Zero sin azúcares Chip Choco;8410376009415;0.00
319;cola;54022263;0.00
368;délice noir;6111017046470;0.00
228;fanta tops lemon 1.5l;5449000132277;0.00
359;frut;6111242926035;0.00
315;ice POMME 1.5l;6111243860383;0.00
312;ice cola strong;6111243860352;0.00
369;lipton yellow label tea x25;8720608632633;0.00
331;original oreo;6111031005576;0.00
123;press up jaouda petit orange;6111266962910;0.00
234;refresco de naranja;5449000036889;0.00
208;saveur fruit rouge ice tea;6111252422428;0.00
125;برس اب الخوخ جودة 1لتر;6111242104198;0.00
444;برس اب الخوخ جودة 1لتر;6111242104549;0.00
235;عصري بناشي;6111032002970;0.00
531;Aicha Confiture;;0.00
581;Aicha Confiture;;0.00
600;Aicha Confiture;;0.00
623;Aicha Confiture;;0.00
659;Aicha Confiture;;0.00
696;Aicha Confiture;;0.00
533;Confiture;;0.00
621;Confiture;;0.00
207;Confiture De Fraises Aicha;6111021013208;0.00
438;Confiture d'Abricots Extra;6111021013109;0.00
53;Confiture d'abricot;6111162000716;0.00
282;Confiture d'abricots;6111184000244;0.00
164;Confiture de fraise;6111162000822;0.00
345;Confiture de fraise;6111184001180;0.00
426;Confiture de fraise;6111021012201;0.00
47;Confiture de fraise;6111162000839;0.00
61;Confiture de fraise;6111184001074;0.00
299;Confiture de fraises;6111184001173;0.00
194;Delicia;6111162001164;0.00
452;Double concentré de tomates;6111162001195;0.00
133;Délicia - Confiture d'abricot;6111162000723;0.00
279;Délicia - confiture d'abricot;6111162001188;0.00
81;El Baraka Confiture D'abricots 430 G;6111184000213;0.00
397;Konfitura Morelowa 240g*EL Baraka*;6111184000190;0.00
329;La delicieuse;6111250471565;0.00
425;Peripella;6111250474405;0.00
494;Pâte à tartiner aux noisettes et au cacao;6111037002753;0.00
445;Tchico peanuts;6111266750753;0.00
346;confiture;6111184001098;0.00
639;Boustan Cocktail de fruits;;0.00
11;Connétable Filets de sardines à l’huile d’olive vierge extra;6111035000027;0.00
589;Cornichons;;0.00
594;Daucy Flageolets verts;;0.00
558;Daucy Haricots rouges;;0.00
583;Daucy Haricots rouges;;0.00
517;Daucy Haricots verts;;0.00
620;Daucy Haricots verts - lot;;0.00
667;Daucy Haricots verts - lot;;0.00
686;Daucy Haricots verts - lot;;0.00
701;Fayz Champignons;;0.00
610;Karina Cornichons;;0.00
619;Maille Cornichons;;0.00
514;Marjane Champignons de Paris entiers;;0.00
566;Panzani Cornichons;;0.00
556;Petit Navire / Thon;;0.00
615;Star Cornichons;;0.00
670;Star Cornichons;;0.00
554;Tamima Filets de thon;;0.00
501;Thon Garcia;;0.00
175;AQUAFINA;6111252422008;0.00
177;Acyl;6111273590021;0.00
199;Acyl;6111273590007;0.00
178;Ain Atlas;6111035001710;0.00
23;Ain Atlas;6111035001659;0.00
37;Ain Atlas;6111035001635;0.00
334;Ain Saiss;6111128000217;0.00
30;Ain Saiss Eau Minerale Naturelle;6111128000163;0.00
357;Ain soltane 50cl;6111248360123;0.00
256;Aquafina;6111252421971;0.00
62;Aquafina 50cl;6111252421575;0.00
43;Aïn Atlas 50cl;6111035001673;0.00
172;Aïn Ifran Eau minérale naturelle;6111251420272;0.00
221;Aïn Ifrane;6111251420135;0.00
89;Aïn Soltane;6111248360130;0.00
104;Bahia, Eau De Table;6111035003509;0.00
261;Bul'tropicale;6111035002052;0.00
27;Ciel;5449000061515;0.00
22;Ciel 33cl;42104964;0.00
168;Ciel 50cl;5449000135544;0.00
226;Eau;6111248360116;0.00
49;Eau;6111251420166;0.00
205;Eau de source naturelle La Source;6111271800030;0.00
93;Eau de table;5449000206770;0.00
389;Eau de table purifiée;6111248360291;0.00
405;Eau mineral 33cl aman;6111248360376;0.00
204;Eau minerale;6111035001383;0.00
13;Eau minéral naturelle;6111035502828;0.00
302;Eau minérale;6111128000477;0.00
4;Eau minérale naturelle;6111035000058;0.00
100;Eau minérale naturelle gazeuse;6111035502941;0.00
424;Filets De Maquereaux À L’huile Végétale;769503575261;0.00
150;Filets de maquereau;6111162001218;0.00
493;Filets de maquereaux;6111249190279;0.00
239;Ghaut;6111128001115;0.00
237;La Source العين;6111271800023;0.00
56;Oulmes Eau Gazeuse;6111035003004;0.00
17;Oulmes natural carbonated water;6111035003035;0.00
158;Oulmès eau minerale naturellement gazeuse;6111035001024;0.00
271;Sidi Ali Kids;6111035002359;0.00
266;Sidi Harazem;6111128000026;0.00
267;Vitalya;6111035503153;0.00
34;ain saiss 50cl;6111128000088;0.00
246;filets de maquereaux à l'huile végétale;6111263000202;0.00
274;filets de sardines sans peau sans arêtes à l'huile végétale;6111260550595;0.00
225;vitalya;6111035503115;0.00
10;اكوافينا;6111252421568;0.00
15;اكوافينا;6111252421582;0.00
97;العين;6111271800054;0.00
220;Afia;6111245470023;0.00
431;Afia;6111245470016;0.00
377;Afia huile de table;6111245470030;0.00
330;Hemani Coconut Oil Pure & Natural (400ML);8964000577066;0.00
344;HuilOr - RICHE EN Vitamine E Oméga 3 et 6;6111024001226;0.00
516;Huile Halal;;0.00
280;Huile Lesieur 3 Graines;6111024001530;0.00
72;Huile d'olive;6111099000254;0.00
121;Huile d'olive vierge de Maroc;6111024004746;0.00
310;Huile de grignon d’olive;6111062000175;0.00
365;Huile de table;6111099000629;0.00
80;Huile de table;6111099000599;0.00
335;Huile de table équilibrée;6111024001974;0.00
106;Huile de table équilibrée riche en vitamines A,E,D3;6111024001516;0.00
198;Huile de tournesol;6111024001202;0.00
503;Huile d’olive;;0.00
545;Huile d’olive;;0.00
561;Huile d’olive;;0.00
576;Huile d’olive;;0.00
637;Huile d’olive;;0.00
664;Huile d’olive;;0.00
680;Huile d’olive;;0.00
692;Huile d’olive;;0.00
546;Huile végétale;;0.00
550;Huile végétale;;0.00
649;Huile végétale;;0.00
699;Huile végétale;;0.00
578;Huile végétale - lot;;0.00
236;Huille;6111024004753;0.00
71;Hule D'olive;6111099000247;0.00
479;Joly;6111162000464;0.00
115;Joly Thon Entier;6111162000181;0.00
454;La Española Extra Virgin Olive Oil;8410660098804;0.00
290;Lio huile de table;6111099000582;0.00
602;Louisa Huile;;0.00
608;Okior Huile;;0.00
278;Oleor;6111024001288;0.00
526;Oni Huile;;0.00
527;Oni Huile;;0.00
530;Oni Huile - lot;;0.00
567;Oni Huile - lot;;0.00
708;Oregan Huile de coco;;0.00
101;Pipas;6111214004747;0.00
482;Sardine à l’huile végétale;769503575445;0.00
59;Star vinaigre de table BLANC;6111184001661;0.00
354;TAM thon entier a l'huile;3341430510019;0.00
285;Thon Joly;6111162001102;0.00
428;Thon entier à l'huile;3341430551449;0.00
489;Vinaigre Alcool Colore,;6111184001036;0.00
690;Vinaigre blanc;;0.00
713;Vinaigre blanc;;0.00
155;Wilor;6111024002186;0.00
77;Zaman Oil - Huile d’amande 250 ml;6111251753912;0.00
146;vinaigre de table blanc;6111250474191;0.00
460;زيت المائدة المختارة;6111024001295;0.00
303;30 u;;0.00
326;Actimel;6111032009146;0.00
358;Actimel;6111032009153;0.00
443;Activia;6111032009436;0.00
108;Activia Céréales;6111032002208;0.00
305;Activia ananas fraise;6111032009443;0.00
201;Albane Lait Entier UHT 1L;6111265800497;0.00
29;Assil vanille;6111032001003;0.00
210;Beurre Badaouia;6111242660373;0.00
67;Beurre Frais Pasteurisé;6111242105331;0.00
339;Campo Verde;6111266680098;0.00
472;Campo verde;6111266680883;0.00
247;Chergui Lait;6111126005580;0.00
461;Chergui creme fruit de bois;6111126001872;0.00
429;Chergui creme 🥭 mangue;6111126001865;0.00
416;Chergui protéine vanille;6111126005702;0.00
167;Classique Douceur de lait;6111203007377;0.00
151;Coeur de lait;6111206000696;0.00
57;Cream Cheese;6111246721964;0.00
12;Cream cheese;6111246721278;0.00
388;Creem cheese;6111246721971;0.00
500;Crem Pro Premium - Crème de Cuisson et Liaison;6111259093522;0.00
95;Croissance réduit en sucre;6111242103528;0.00
381;Crème caramel;6111032007968;0.00
422;Crème cuisson;6111242109391;0.00
63;DANONE ASSIL BANANE;6111032001010;0.00
182;Dan up;6111032004455;0.00
374;Danao Pèche - Abricot;6111032006985;0.00
169;Danette;6111032006718;0.00
184;Danone (zéro sucre ajouté zéro matière grasse);6111032010128;0.00
209;Danone - Peche;6111032010333;0.00
92;Danone nature;6111032002925;0.00
251;Danup fraise;6111032004448;0.00
712;Dari Riz au lait / dessert;;0.00
450;Daya Avocat;6111126002763;0.00
223;Dessert gourmand choco;6111242102552;0.00
233;Douceur fromage frais;6111126005085;0.00
364;Délicimo : Stracciatella;6111242106789;0.00
119;El Mejor Chef;6111260232095;0.00
440;Fawakih mchmach khokh;6111126001599;0.00
286;Fromage;6111203003263;0.00
245;Fromage Fondu;6111265930385;0.00
1;Fromage blanc nature;6111246721261;0.00
111;Fromage blanc nature;6111246721735;0.00
441;Fromage complet socrech;6111242190146;0.00
227;Fromage fondu Tartine & Cuisson;6111246722169;0.00
24;Frommage fondu;6111246722107;0.00
229;Ftoury Fromage Blanc;6111246721339;0.00
35;Gervais fromage frais nature sucré;6111032008583;0.00
348;Gervais fromage à la créme;6111032008125;0.00
110;Ghani;6111242102187;0.00
439;Ghani;6111242102194;0.00
487;Ghilal;6111242105270;0.00
45;Goldium Blanc Nature;6111259092525;0.00
126;Goldium Premium Sauce Tacos au Fromage;6111259093140;0.00
20;Goldium crémeux;6111259092495;0.00
410;Hohos;6223000496022;0.00
181;JBEN CHERGUI;6111126005221;0.00
36;Jamila رايبي;6111032006619;0.00
435;Jben;6111126005306;0.00
7;Jben;6111242106949;0.00
173;Jben AKNAZ;6111250472708;0.00
31;Jebli;6111206000733;0.00
484;Jnane;6111126001698;0.00
492;Jnane;6111126001704;0.00
497;Jnane - Saveur coco;6111126001674;0.00
165;Jnane nature sans sucre;6111126001711;0.00
130;Kiri;6111028001024;0.00
535;Kiri;;0.00
434;Kiri carré 12p;6111028000997;0.00
153;Kéfir Nature;6111126005894;0.00
323;LA HOLLANDAISE CLASSIQUE 64P;6111203007384;0.00
391;LADID;6111242105676;0.00
60;LBEN CARTON PASTEURISER;6111242101050;0.00
16;La Hollandaise Cheddar;6111203006653;0.00
488;Lait Demi écrème Uht Jaouda;6111242101197;0.00
90;Lait Frais 15 jours;6111126003821;0.00
83;Lait U.H.T entier;6111250470742;0.00
318;Lait UHT Entier;6111250474276;0.00
355;Lait colainord;6111046003109;0.00
6;Lait de la ferme jaouda;6111266962187;0.00
502;Lait en poudre Almarai;;0.00
407;Lait fermenté;6111126001582;0.00
288;Lait frais pasteurisé;6111243590433;0.00
183;Lait naturel;6111032000624;0.00
118;Lait sans lactose;6111242105638;0.00
307;Le Bloc;3073781077025;0.00
25;Le Lait demi écrémé;6111242100817;0.00
304;Le Plaisir à tartiner;6111245341019;0.00
149;Le berger From blanc Nat;6111246721957;0.00
105;Le bon lait;6111250012416;0.00
14;Le nature;6111242100206;0.00
131;Leben;6111242104556;0.00
270;Leben;6111266962774;0.00
140;Leben BELDI;6111126001988;0.00
202;Leben JAOUDA;6111242100022;0.00
132;Lilia Tartine & Cuisine;6111099005396;0.00
152;Linea;6111242101203;0.00
88;Mantequilla;6111099005495;0.00
386;Masło orzechowe;5900617012197;0.00
697;Milo;;0.00
46;Nescafé Classic;6111018903161;0.00
606;Nesquik / Lait en poudre;;0.00
107;Olla Crème de Cuisson Onctueuse;6111251754247;0.00
292;Or Blanc;6111245340487;0.00
298;Original Doux & crémeux;6111245342696;0.00
474;Peanut Butter Crunchy;5900617003454;0.00
3;Perly;6111242100992;0.00
76;Perly fromage;6111266960336;0.00
240;Petit Frais Nature;6111246720783;0.00
120;Petit beurre;6111259342828;0.00
322;Petit frais;6111246720790;0.00
160;Pindakaas;6111262821150;0.00
462;Pizzarella Premium;6111259090132;0.00
675;Produit laitier;;0.00
695;Produit laitier / préparation;;0.00
396;Proteines Mangue;6111126005696;0.00
308;Préparation en poudre pour Crème pâtissière saveur vanille;6111180005342;0.00
480;Purisima;8716200334808;0.00
129;Pâte d'arachide;8198701234564;0.00
432;Queso Edam Bola Tierno;8710912074922;0.00
179;Queso cremoso;7622210103314;0.00
418;Raib banan sghir;6111126000424;0.00
195;Raib vani jaouda;6111242102361;0.00
212;Raibi jamila;6111032009870;0.00
314;Ricotta 1%;6111246721384;0.00
103;Salim;6111032000631;0.00
44;Salim;6111032000600;0.00
296;Sour Cream & Onion;5053990101597;0.00
347;Sour Cream & Onion;7622202025587;0.00
33;Tartine & Cuisine;6111099003897;0.00
84;Tendre nature;6111242102781;0.00
136;Tranches Au Goût Cheddar;6111260230619;0.00
222;Velouté Fraise;6111032002888;0.00
284;Viva - Fromage;6111260232101;0.00
69;Yaourt Grec Muesli;6111242103702;0.00
411;Yaourt Jnane;6111126001681;0.00
294;Yaourt grec;6111242103696;0.00
94;Yaourt tendre;6111242102767;0.00
254;Yawmi velouté pistache;6111032002918;0.00
336;Yogurt Bnine BANANA;6111242102941;0.00
269;asiri fraise;6111032002963;0.00
316;beurre central 1kg;6111032007043;0.00
171;cream - cheese;6111246722084;0.00
268;crème cuisson;6111242104617;0.00
79;danino;6111032008453;0.00
87;delicemo;6111266962446;0.00
161;double zéro Cerise;6111032010135;0.00
394;fawakih mangue 900ml;6111126001605;0.00
378;fondiz;6111266680135;0.00
215;fromage blanc nature;6111246721995;0.00
55;fromage herbes milky food;6111246722039;0.00
406;fromage perly 64p;6111266960350;0.00
370;hollandis class 16p;6111203007360;0.00
28;jaouda Cremy;6111242100305;0.00
70;kéfir 500g;8424893600352;0.00
39;kéfir nature;8420756010320;0.00
203;la hollandaise;6111203006646;0.00
289;la hollandaise 16p cheddar;6111203004451;0.00
141;la vache qui rit;6111028001222;0.00
102;lait;6111266962651;0.00
189;lait sans lactose;6111242107441;0.00
40;le blanc nature 900g araai;6111246721940;0.00
306;nido;6111018908999;0.00
465;plaisirs nature sucre fmg;6111126005535;0.00
287;predator;5061013962506;0.00
147;tartine la Prairie classique 450g;6111203007520;0.00
8;uht jaouda 1L;6111242101180;0.00
421;uht jibal 1/2L;6111246950876;0.00
154;vach;6111028001246;0.00
159;الهاندس;6111203005779;0.00
448;دان شركي حامض;6111126001841;0.00
317;ديليسيوس بيرلي;6111266962576;0.00
74;رايبي جودة;6111242100930;0.00
78;غلال القمح;6111242102002;0.00
401;قشدة طرية;6111126000905;0.00
214;كريميو;6191585701858;0.00
32;كيفير;6111266963207;0.00
191;لذيذ;6111266962644;0.00
301;ياغورت ممزوج ناعم كريمي;6111242100299;0.00
666;Ariel Lessive;;0.00
512;Ariel Lessive Automatique 6 kg;;0.00
577;Doussy Lessive;;0.00
593;Doussy Lessive;;0.00
604;Doussy Lessive;;0.00
683;Doussy Lessive;;0.00
525;Ecore Lessive;;0.00
613;Ecore Lessive;;0.00
630;Fairy Liquide vaisselle;;0.00
513;Grefort Lessive;;0.00
612;Grefort Lessive - lot;;0.00
580;Lessive liquide;;0.00
590;Lessive liquide;;0.00
579;Liquide vaisselle;;0.00
657;Liquide vaisselle;;0.00
703;Maxis Lessive;;0.00
552;Maxis Liquide vaisselle;;0.00
553;Maxis Liquide vaisselle;;0.00
574;Mio Liquide vaisselle;;0.00
671;Mio Liquide vaisselle;;0.00
688;OMO Lessive;;0.00
586;Oni Liquide vaisselle;;0.00
607;Oni Liquide vaisselle;;0.00
656;Oni Liquide vaisselle;;0.00
685;Produit ménager;;0.00
588;Rubikaine;;0.00
538;Sanytol;;0.00
582;Soupline Adoucissant;;0.00
646;Spray nettoyant;;0.00
707;Vanish Détachant;;0.00
395;Blé tendre cuisson 10 min Ebly 500 g;3487400000392;0.00
273;Cerelac;6221007032540;0.00
408;Cerelac Blé;6221007032724;0.00
413;Cuor di Cereale;8410376040425;0.00
563;Dari Berekouch;;0.00
510;Dari Couscous;;0.00
518;Dari Couscous;;0.00
499;Digestive Muesli;8410376026979;0.00
682;Farine;;0.00
673;Farine / produit alimentaire;;0.00
715;Farine d’amande bio;;0.00
471;Gullon Cuordi Cereale Tradizionale, Alto Contenuto Di Fibra;8410376039986;0.00
622;Ideal Farine;;0.00
663;Ideal Farine;;0.00
373;Indomie instant noodles baladi chicken flavor;;0.00
631;Jibal / Produit céréales;;0.00
645;Jibal / Produit céréales;;0.00
669;Jibal / Produit céréales;;0.00
698;Kayna Coquillettes;;0.00
544;Kayna Couscous;;0.00
565;Kayna Couscous;;0.00
633;Kayna Couscous;;0.00
660;Kayna Couscous;;0.00
632;Kayna Spaghetti;;0.00
627;Kenz Farine / Préparation;;0.00
361;Musli Oat biscuits (Blueberry);8595229901075;0.00
367;Müsli oat biscuits;8595229900504;0.00
259;Pain de mie complet;6111246910023;0.00
490;Pain de mie complet;6111245460345;0.00
392;Pain de sucre;6111029000040;0.00
380;Peripella;6111250477567;0.00
559;Pâtes alimentaires;;0.00
635;Pâtes alimentaires;;0.00
709;Quinoa;;0.00
64;Sable coco Henry s 42g;3362600011228;0.00
137;Sablé Coco;3362600001106;0.00
681;Semoule / couscous;;0.00
687;Semoule / couscous;;0.00
404;Sergio;6111259344129;0.00
258;special burger;6111260231548;0.00
362;سيرجيو صغيرة;6111259344051;0.00
614;Amora Ketchup;;0.00
113;Assaisonnement aromatisé au citron;6111184003276;0.00
466;Assaisonnement aromatisé au citron;6111250472265;0.00
192;Atún con tomate;8410111000707;0.00
676;Barilla Arrabbiata;;0.00
658;Barilla Sauce Bolognese;;0.00
238;Bol Bol Ketchup;6111250472241;0.00
672;Dami Sauce / Préparation;;0.00
642;Heinz Ketchup;;0.00
340;Hot Sauce;6111184009520;0.00
48;Ketchup Star;6111184004730;0.00
534;Ketchup Star;;0.00
706;Lesieur Mayonnaise légère;;0.00
711;Lugo Sauce piquante;;0.00
572;Mario Mayonnaise;;0.00
360;Mayonesa sabor tradicional;8410066131334;0.00
467;Mayonnaise;6111250475129;0.00
598;Mayonnaise;;0.00
98;Mayonnaise;6111184000619;0.00
42;Mayonnaise recette originale;6111184004129;0.00
350;Moutarde;6111250474641;0.00
144;Moutarde de Dijon;6111184001203;0.00
85;Olla;6111251753899;0.00
540;Panzani Sauce tomate;;0.00
655;Panzani Sauce tomate;;0.00
704;Sacla Pesto;;0.00
486;Sauce Algérienne;6111184008356;0.00
338;Sauce De Soja Supérieure Claire;8681480324484;0.00
96;Sauce algérienne;6111184007618;0.00
587;Sauce barbecue;;0.00
605;Sauce barbecue;;0.00
569;Sauce piquante;;0.00
693;Sauce piquante;;0.00
382;Sauce pizza star 350 g;6111184006413;0.00
591;Sauce tomate;;0.00
628;Star Ketchup;;0.00
112;Star Mayonnaise;6111184000657;0.00
700;Star Mayonnaise;;0.00
710;Star Mayonnaise;;0.00
679;Star Moutarde;;0.00
515;Star Pizza;;0.00
597;Star Pizza;;0.00
458;Star Premium Mayonnaise;6111259344068;0.00
694;Star Sauces - assortiment;;0.00
560;Star Spicy;;0.00
264;Star moutarde;6111184004716;0.00
216;Star moutarde 200 g;6111184000701;0.00
51;sauce tomate cuisinée;8445290615350;0.00
190;Levure;6111245370064;0.00
163;Trios;6111252860077;0.00
128;Cacao;6111180007650;0.00
54;Cosumar Sucre En Lingot Pour Le Thé 1 kg;6111029000118;0.00
343;Cosumar Sucre Granule - Granulated Sugar;6111029000415;0.00
595;La Peruche Sucre;;0.00
99;Nescafé classic;6111018501480;0.00
363;Samar Gusto Coffee 45g;6111243002493;0.00
523;Sucre;;0.00
524;Sucre;;0.00
599;Sucre;;0.00
356;enmer;6111029000293;0.00
353;miel;6111243380027;0.00
504;Édulcorant zéro calorie;;0.00
86;سكر الفانيلين;6111180000392;0.00
243;Asta;6111101001361;0.00
73;Green Tea;6923818812082;0.00
213;Lipton Ice Tea Saveur Pêche;6111252422411;0.00
293;Nescafe classic;6111018903185;0.00
611;Nesquik;;0.00
624;Nesquik;;0.00
601;Nesquik / Boisson cacao;;0.00
188;VIP Gold café instantané;6111250470209;0.00
218;VIP crema gold café instantané;6111250473453;0.00
242;شاي النسمة;6111243640831;0.00
142;قهوة الطبيب;6111175000741;0.00
134;Atun;8410111211202;0.00
262;Capri choco;6111249960964;0.00
200;Cheeslé Blanc nature;6111259093102;0.00
276;Crempro;6111259090415;0.00
399;Danone max;6111032009429;0.00
420;Daya Ananas Coco;6111126004538;0.00
446;Extrem;6111259344501;0.00
477;Halls Plain Hard Candy - Extra Strong Flavor;7622201695323;0.00
491;Indomie;5285000397465;0.00
75;KING COOKIES;6111259343108;0.00
241;Krit krititas galletas saladas;8434165466333;0.00
436;La prairie classique;6111203001474;0.00
135;Levure rafiaa;6111246250013;0.00
464;Luncheon;6111259091665;0.00
415;MARG FAMILIA 400G;6111037000643;0.00
328;MARG VITAL OVAL PF 200G;6111203005014;0.00
427;Magnesium;4058172309250;0.00
250;Margarine patissière;6111037000506;0.00
383;Matina;6111243570169;0.00
116;Mayfine;6111180003102;0.00
180;Muscly la force pour grandir;6111242101272;0.00
219;Nouilles Instantanées Goût Boeuf;5285000396437;0.00
249;Petits fours financiers;6923818881323;0.00
451;Pringles Sare;5053990101573;0.00
640;Produit congelé;;0.00
532;Produit pâtisserie en poudre;;0.00
537;Produit pâtisserie en poudre;;0.00
224;SALIM LBEN 440G;6111032009924;0.00
333;Sport;6111126005719;0.00
403;Supreme Original;6111259346710;0.00
384;Tartine & Cuisine;6111099005488;0.00
248;Vegetal;5410093179616;0.00
138;flan caram jao dan;6111242102019;0.00
21;levure pâtisserie;6111180000231;0.00
109;margarine;6111203007513;0.00
252;margarine la prairie 225g;6111203001467;0.00
433;margarine vital 400 g;6111203005021;0.00
468;pringles hot & spicy;5053990101542;0.00
442;top cookies original;6111259341494;0.00
459;سكر النمر;6111029000491;0.00
50;شييزلي;6111259093096;0.00
255;قلوتي;6111032007661;0.00
351;Aicha Double Concentré De Tomates 140 G;6111021022002;0.00
592;Aicha Tomates;;0.00
650;Aicha Tomates;;0.00
186;Aicha Tomato Paste;6111021090056;0.00
166;Concentré de tomates Aicha;6111021090049;0.00
430;Danino;6111032008446;0.00
409;Delicia 200 g;6111162001416;0.00
157;Delicia double concentre de tomates;6111162001201;0.00
253;Double concentré de tomates;6111021026000;0.00
272;Double concentré de tomates;6111021090100;0.00
423;Double concentré de tomates;6111162001553;0.00
457;Dtink happy ana;6923815199025;0.00
277;Lio produit;6111099000605;0.00
536;Mutti Passata / Tomates;;0.00
453;Pulmes bulles d’orange;6111035001987;0.00
38;Sel de table iodé;6111184001562;0.00
520;Sella Tomates;;0.00
496;Solis;8445291209039;0.00
176;jempo;7322540548563;0.00
372;pickers crunchy;6111259347625;0.00
661;Marrakech Épices;;0.00
508;Persil;;0.00
585;Widad Basilic;;0.00
551;Épice;;0.00
571;Épice / Harissa;;0.00
