id;name;category;barcode;price;purchasePrice;stock;minStock;image;expirationDate
187;Biscotti;Biscuits & Gâteaux;6111259347434;;;50;5;1.jpg;
309;Chocup;Biscuits & Gâteaux;6111259340060;;;50;5;2.jpg;
260;Cuetara Digesta Light 200G Marie Cookies;Biscuits & Gâteaux;8434165437418;;;50;5;3.jpg;
122;Eyoo cover;Biscuits & Gâteaux;6111259340992;;;50;5;4.jpg;
143;Golden;Biscuits & Gâteaux;6111031005651;;;50;5;5.jpg;
82;Henry's Petit Surfin;Biscuits & Gâteaux;3362600011006;;;50;5;6.jpg;
41;Henry’s;Biscuits & Gâteaux;3362600011044;;;50;5;7.jpg;
541;Kenz Biscuits;Biscuits & Gâteaux;;;;50;5;8.jpg;
684;Kenz Biscuits;Biscuits & Gâteaux;;;;50;5;9.jpg;
449;Lotus biscoff;Biscuits & Gâteaux;5410126006049;;;50;5;10.jpg;
281;Megachok;Biscuits & Gâteaux;8412674005021;;;50;5;11.jpg;
313;Merendina;Biscuits & Gâteaux;6111031005453;;;50;5;12.jpg;
127;Pauz;Biscuits & Gâteaux;6111259347861;;;50;5;13.jpg;
390;Suprême;Biscuits & Gâteaux;6111259346741;;;50;5;14.jpg;
148;Tagger;Biscuits & Gâteaux;6111031005033;;;50;5;15.jpg;
263;Tango;Biscuits & Gâteaux;6111031005095;;;50;5;16.jpg;
18;Tonik;Biscuits & Gâteaux;6111031005064;;;50;5;17.jpg;
402;Top cookies;Biscuits & Gâteaux;6111259341517;;;50;5;18.jpg;
483;Whola Digestive Biscuits Classic;Biscuits & Gâteaux;8690526082004;;;50;5;19.jpg;
485;tuc original;Biscuits & Gâteaux;7622202026980;;;50;5;20.jpg;
379;vamos;Biscuits & Gâteaux;6111271590498;;;50;5;21.jpg;
65;Печиво zero sugar free;Biscuits & Gâteaux;8410376009392;;;50;5;22.jpg;
507;7UP;Boissons;;;;50;5;23.jpg;
564;7UP;Boissons;;;;50;5;24.jpg;
678;7UP;Boissons;;;;50;5;25.jpg;
475;Abtal;Boissons;6111251752762;;;50;5;26.jpg;
476;Aiguebelle;Boissons;6111017046548;;;50;5;27.jpg;
9;Ain Saïss;Boissons;6111128000071;;;50;5;28.jpg;
689;Andros Jus Pomme;Boissons;;;;50;5;29.jpg;
495;Biscuits Tacos au Cacao;Boissons;6111242600553;;;50;5;30.jpg;
705;Boustan Mangue;Boissons;;;;50;5;31.jpg;
509;Boustan Nectar Orange;Boissons;;;;50;5;32.jpg;
529;Bouteilles de jus;Boissons;;;;50;5;33.jpg;
139;Caobel;Boissons;6111017007013;;;50;5;34.jpg;
162;Cappy PULPY;Boissons;90382383;;;50;5;35.jpg;
19;Cappy PULPY;Boissons;5449000147417;;;50;5;36.jpg;
455;Chocao energie;Boissons;6111180010414;;;50;5;37.jpg;
230;Chocolat Noir 92% cacao;Boissons;8410510012196;;;50;5;38.jpg;
366;Chocolat Tentation Noir Gourmand Amandes;Boissons;6111017042427;;;50;5;39.jpg;
320;Chocolat monogram;Boissons;6111025120605;;;50;5;40.jpg;
68;Chocolate con leche y almendras;Boissons;8425197712024;;;50;5;41.jpg;
275;Classic;Boissons;6111250470254;;;50;5;42.jpg;
174;Coca - Cola;Boissons;42105220;;;50;5;43.jpg;
463;Coca - Cola;Boissons;5449000000286;;;50;5;44.jpg;
543;Coca - Cola;Boissons;;;;50;5;45.jpg;
568;Coca - Cola;Boissons;;;;50;5;46.jpg;
573;Coca - Cola;Boissons;;;;50;5;47.jpg;
677;Coca - Cola;Boissons;;;;50;5;48.jpg;
26;Coca - Cola Original Taste;Boissons;5449000054227;;;50;5;49.jpg;
170;Coca - Cola original taste;Boissons;90338243;;;50;5;50.jpg;
337;Coca - Cola slim 25cl;Boissons;5449000008046;;;50;5;51.jpg;
114;Coca Cola Original taste;Boissons;5449000000439;;;50;5;52.jpg;
414;Coca cola zero;Boissons;90375323;;;50;5;53.jpg;
193;Cocacola zero sugar;Boissons;5449000133328;;;50;5;54.jpg;
437;Cooky chocolate;Boissons;6111259346352;;;50;5;55.jpg;
196;Danettz Chocolat;Boissons;6111032006749;;;50;5;56.jpg;
412;Danone max red fruit;Boissons;6111032009412;;;50;5;57.jpg;
470;Disfruta Frutas Y Vitaminas Brik imp;Boissons;8410707000241;;;50;5;58.jpg;
641;Disfruta Jus;Boissons;;;;50;5;59.jpg;
417;FRUT MAX;Boissons;6111242926806;;;50;5;60.jpg;
481;Fanta Orange;Boissons;6111259347106;;;50;5;61.jpg;
555;Fanta Orange;Boissons;;;;50;5;62.jpg;
570;Fanta Orange;Boissons;;;;50;5;63.jpg;
634;Fanta Orange;Boissons;;;;50;5;64.jpg;
648;Fanta Orange;Boissons;;;;50;5;65.jpg;
352;Flash Wondermint Gum;Boissons;6111199000017;;;50;5;66.jpg;
557;Glass Orange;Boissons;;;;50;5;67.jpg;
668;Glass Orange;Boissons;;;;50;5;68.jpg;
311;Granola chocolate / pieces of chocolate;Boissons;5900617002983;;;50;5;69.jpg;
324;Gullon ostya Kakaó 60g;Boissons;8410376059373;;;50;5;70.jpg;
376;HAWAI ANANAS;Boissons;5449000036919;;;50;5;71.jpg;
66;Hawai Tropical;Boissons;5449000036872;;;50;5;72.jpg;
478;Hawaii;Boissons;90418235;;;50;5;73.jpg;
375;Haway tropical;Boissons;5449000025272;;;50;5;74.jpg;
197;Ice Passion;Boissons;6111243860376;;;50;5;75.jpg;
257;Jibi;Boissons;6111032007128;;;50;5;76.jpg;
297;Jutos;Boissons;6111242106666;;;50;5;77.jpg;
385;Jutos;Boissons;6111242106673;;;50;5;78.jpg;
575;Jutos Orange;Boissons;;;;50;5;79.jpg;
653;Jutos Orange;Boissons;;;;50;5;80.jpg;
291;Jutos cocktail;Boissons;6111242106277;;;50;5;81.jpg;
117;King cookies choco;Boissons;6111259343344;;;50;5;82.jpg;
498;Lemon;Boissons;50112784;;;50;5;83.jpg;
185;Marhaba;Boissons;6111260680452;;;50;5;84.jpg;
644;Marjane Nectar Orange;Boissons;;;;50;5;85.jpg;
387;Mejora;Boissons;6111017045404;;;50;5;86.jpg;
58;Merendina;Boissons;6111031005439;;;50;5;87.jpg;
91;Momo black;Boissons;6111259341197;;;50;5;88.jpg;
231;Napolitain Noir;Boissons;6111017045329;;;50;5;89.jpg;
398;Nectar Orange;Boissons;6111179003847;;;50;5;90.jpg;
654;Nectar Orange;Boissons;;;;50;5;91.jpg;
300;Nesquik Cereal;Boissons;7613287366665;;;50;5;92.jpg;
145;Nesquik Cocoa;Boissons;7613287431943;;;50;5;93.jpg;
400;Nutabella;Boissons;6111265980243;;;50;5;94.jpg;
332;Orangina et sa Pulpe !;Boissons;8435185101112;;;50;5;95.jpg;
473;Oreo chocolate;Boissons;6111031005590;;;50;5;96.jpg;
371;Oulmes virgin mojito;Boissons;6111035002113;;;50;5;97.jpg;
522;Pepsi;Boissons;;;;50;5;98.jpg;
665;Pepsi;Boissons;;;;50;5;99.jpg;
447;Pepsi 2L;Boissons;6111252420059;;;50;5;100.jpg;
265;Poms 2;Boissons;5449000036957;;;50;5;101.jpg;
156;Press Up moyen;Boissons;6111242107366;;;50;5;102.jpg;
244;Príncipe crema de chocolate;Boissons;7622210204424;;;50;5;103.jpg;
456;Pulpy pècne;Boissons;5449000203823;;;50;5;104.jpg;
321;Pâte à tartiner;Boissons;6111262820245;;;50;5;105.jpg;
652;Rubicon Jus;Boissons;;;;50;5;106.jpg;
643;Rubicon Orange;Boissons;;;;50;5;107.jpg;
327;Sandwich Zero Sin Azúcares;Boissons;8410376037784;;;50;5;108.jpg;
341;Schweppes citron 45cl;Boissons;5449000318947;;;50;5;109.jpg;
295;Simon life;Boissons;8410261643014;;;50;5;110.jpg;
325;Spofy;Boissons;3362600017619;;;50;5;111.jpg;
206;Sprite;Boissons;5449000015105;;;50;5;112.jpg;
393;Sting - Berry Blast;Boissons;6111252422169;;;50;5;113.jpg;
349;Tentation;Boissons;6111017046029;;;50;5;114.jpg;
342;Tentation aiguebelle;Boissons;6111017046043;;;50;5;115.jpg;
419;Zero sin azúcares Chip Choco;Boissons;8410376009415;;;50;5;116.jpg;
319;cola;Boissons;54022263;;;50;5;117.jpg;
368;délice noir;Boissons;6111017046470;;;50;5;118.jpg;
228;fanta tops lemon 1.5l;Boissons;5449000132277;;;50;5;119.jpg;
359;frut;Boissons;6111242926035;;;50;5;120.jpg;
315;ice POMME 1.5l;Boissons;6111243860383;;;50;5;121.jpg;
312;ice cola strong;Boissons;6111243860352;;;50;5;122.jpg;
369;lipton yellow label tea x25;Boissons;8720608632633;;;50;5;123.jpg;
331;original oreo;Boissons;6111031005576;;;50;5;124.jpg;
123;press up jaouda petit orange;Boissons;6111266962910;;;50;5;125.jpg;
234;refresco de naranja;Boissons;5449000036889;;;50;5;126.jpg;
208;saveur fruit rouge ice tea;Boissons;6111252422428;;;50;5;127.jpg;
125;برس اب الخوخ جودة 1لتر;Boissons;6111242104198;;;50;5;128.jpg;
444;برس اب الخوخ جودة 1لتر;Boissons;6111242104549;;;50;5;129.jpg;
235;عصري بناشي;Boissons;6111032002970;;;50;5;130.jpg;
531;Aicha Confiture;Confitures & Tartinables;;;;50;5;131.jpg;
581;Aicha Confiture;Confitures & Tartinables;;;;50;5;132.jpg;
600;Aicha Confiture;Confitures & Tartinables;;;;50;5;133.jpg;
623;Aicha Confiture;Confitures & Tartinables;;;;50;5;134.jpg;
659;Aicha Confiture;Confitures & Tartinables;;;;50;5;135.jpg;
696;Aicha Confiture;Confitures & Tartinables;;;;50;5;136.jpg;
533;Confiture;Confitures & Tartinables;;;;50;5;137.jpg;
621;Confiture;Confitures & Tartinables;;;;50;5;138.jpg;
207;Confiture De Fraises Aicha;Confitures & Tartinables;6111021013208;;;50;5;139.jpg;
438;Confiture d'Abricots Extra;Confitures & Tartinables;6111021013109;;;50;5;140.jpg;
53;Confiture d'abricot;Confitures & Tartinables;6111162000716;;;50;5;141.jpg;
282;Confiture d'abricots;Confitures & Tartinables;6111184000244;;;50;5;142.jpg;
164;Confiture de fraise;Confitures & Tartinables;6111162000822;;;50;5;143.jpg;
345;Confiture de fraise;Confitures & Tartinables;6111184001180;;;50;5;144.jpg;
426;Confiture de fraise;Confitures & Tartinables;6111021012201;;;50;5;145.jpg;
47;Confiture de fraise;Confitures & Tartinables;6111162000839;;;50;5;146.jpg;
61;Confiture de fraise;Confitures & Tartinables;6111184001074;;;50;5;147.jpg;
299;Confiture de fraises;Confitures & Tartinables;6111184001173;;;50;5;148.jpg;
194;Delicia;Confitures & Tartinables;6111162001164;;;50;5;149.jpg;
452;Double concentré de tomates;Confitures & Tartinables;6111162001195;;;50;5;150.jpg;
133;Délicia - Confiture d'abricot;Confitures & Tartinables;6111162000723;;;50;5;151.jpg;
279;Délicia - confiture d'abricot;Confitures & Tartinables;6111162001188;;;50;5;152.jpg;
81;El Baraka Confiture D'abricots 430 G;Confitures & Tartinables;6111184000213;;;50;5;153.jpg;
397;Konfitura Morelowa 240g*EL Baraka*;Confitures & Tartinables;6111184000190;;;50;5;154.jpg;
329;La delicieuse;Confitures & Tartinables;6111250471565;;;50;5;155.jpg;
232;Nutella;Confitures & Tartinables;80176800;89.95;;50;5;156.jpg;
425;Peripella;Confitures & Tartinables;6111250474405;;;50;5;157.jpg;
494;Pâte à tartiner aux noisettes et au cacao;Confitures & Tartinables;6111037002753;;;50;5;158.jpg;
445;Tchico peanuts;Confitures & Tartinables;6111266750753;;;50;5;159.jpg;
346;confiture;Confitures & Tartinables;6111184001098;;;50;5;160.jpg;
639;Boustan Cocktail de fruits;Conserves;;;;50;5;161.jpg;
11;Connétable Filets de sardines à l’huile d’olive vierge extra;Conserves;6111035000027;;;50;5;162.jpg;
589;Cornichons;Conserves;;;;50;5;163.jpg;
594;Daucy Flageolets verts;Conserves;;;;50;5;164.jpg;
558;Daucy Haricots rouges;Conserves;;;;50;5;165.jpg;
583;Daucy Haricots rouges;Conserves;;;;50;5;166.jpg;
517;Daucy Haricots verts;Conserves;;;;50;5;167.jpg;
620;Daucy Haricots verts - lot;Conserves;;;;50;5;168.jpg;
667;Daucy Haricots verts - lot;Conserves;;;;50;5;169.jpg;
686;Daucy Haricots verts - lot;Conserves;;;;50;5;170.jpg;
701;Fayz Champignons;Conserves;;;;50;5;171.jpg;
610;Karina Cornichons;Conserves;;;;50;5;172.jpg;
619;Maille Cornichons;Conserves;;;;50;5;173.jpg;
514;Marjane Champignons de Paris entiers;Conserves;;;;50;5;174.jpg;
566;Panzani Cornichons;Conserves;;;;50;5;175.jpg;
556;Petit Navire / Thon;Conserves;;;;50;5;176.jpg;
615;Star Cornichons;Conserves;;;;50;5;177.jpg;
670;Star Cornichons;Conserves;;;;50;5;178.jpg;
554;Tamima Filets de thon;Conserves;;;;50;5;179.jpg;
501;Thon Garcia;Conserves;;;;50;5;180.jpg;
469;Thon a lhuile;Conserves;3341430490380;11.90;;50;5;181.jpg;
175;AQUAFINA;Eaux;6111252422008;;;50;5;182.jpg;
177;Acyl;Eaux;6111273590021;;;50;5;183.jpg;
199;Acyl;Eaux;6111273590007;;;50;5;184.jpg;
178;Ain Atlas;Eaux;6111035001710;;;50;5;185.jpg;
23;Ain Atlas;Eaux;6111035001659;;;50;5;186.jpg;
37;Ain Atlas;Eaux;6111035001635;;;50;5;187.jpg;
334;Ain Saiss;Eaux;6111128000217;;;50;5;188.jpg;
30;Ain Saiss Eau Minerale Naturelle;Eaux;6111128000163;;;50;5;189.jpg;
357;Ain soltane 50cl;Eaux;6111248360123;;;50;5;190.jpg;
256;Aquafina;Eaux;6111252421971;;;50;5;191.jpg;
62;Aquafina 50cl;Eaux;6111252421575;;;50;5;192.jpg;
43;Aïn Atlas 50cl;Eaux;6111035001673;;;50;5;193.jpg;
172;Aïn Ifran Eau minérale naturelle;Eaux;6111251420272;;;50;5;194.jpg;
221;Aïn Ifrane;Eaux;6111251420135;;;50;5;195.jpg;
89;Aïn Soltane;Eaux;6111248360130;;;50;5;196.jpg;
104;Bahia, Eau De Table;Eaux;6111035003509;;;50;5;197.jpg;
261;Bul'tropicale;Eaux;6111035002052;;;50;5;198.jpg;
27;Ciel;Eaux;5449000061515;;;50;5;199.jpg;
22;Ciel 33cl;Eaux;42104964;;;50;5;200.jpg;
168;Ciel 50cl;Eaux;5449000135544;;;50;5;201.jpg;
226;Eau;Eaux;6111248360116;;;50;5;202.jpg;
49;Eau;Eaux;6111251420166;;;50;5;203.jpg;
205;Eau de source naturelle La Source;Eaux;6111271800030;;;50;5;204.jpg;
93;Eau de table;Eaux;5449000206770;;;50;5;205.jpg;
389;Eau de table purifiée;Eaux;6111248360291;;;50;5;206.jpg;
405;Eau mineral 33cl aman;Eaux;6111248360376;;;50;5;207.jpg;
204;Eau minerale;Eaux;6111035001383;;;50;5;208.jpg;
13;Eau minéral naturelle;Eaux;6111035502828;;;50;5;209.jpg;
302;Eau minérale;Eaux;6111128000477;;;50;5;210.jpg;
4;Eau minérale naturelle;Eaux;6111035000058;;;50;5;211.jpg;
100;Eau minérale naturelle gazeuse;Eaux;6111035502941;;;50;5;212.jpg;
424;Filets De Maquereaux À L’huile Végétale;Eaux;769503575261;;;50;5;213.jpg;
150;Filets de maquereau;Eaux;6111162001218;;;50;5;214.jpg;
493;Filets de maquereaux;Eaux;6111249190279;;;50;5;215.jpg;
239;Ghaut;Eaux;6111128001115;;;50;5;216.jpg;
237;La Source العين;Eaux;6111271800023;;;50;5;217.jpg;
56;Oulmes Eau Gazeuse;Eaux;6111035003004;;;50;5;218.jpg;
17;Oulmes natural carbonated water;Eaux;6111035003035;;;50;5;219.jpg;
158;Oulmès eau minerale naturellement gazeuse;Eaux;6111035001024;;;50;5;220.jpg;
283;Schweppes tonic 1l;Eaux;5449000280206;12.00;;50;5;221.jpg;
2;Sidi Ali;Eaux;6111035000430;2.00;;50;5;222.jpg;
5;Sidi Ali;Eaux;6111035002175;6.00;;50;5;223.jpg;
271;Sidi Ali Kids;Eaux;6111035002359;;;50;5;224.jpg;
266;Sidi Harazem;Eaux;6111128000026;;;50;5;225.jpg;
267;Vitalya;Eaux;6111035503153;;;50;5;226.jpg;
34;ain saiss 50cl;Eaux;6111128000088;;;50;5;227.jpg;
246;filets de maquereaux à l'huile végétale;Eaux;6111263000202;;;50;5;228.jpg;
274;filets de sardines sans peau sans arêtes à l'huile végétale;Eaux;6111260550595;;;50;5;229.jpg;
225;vitalya;Eaux;6111035503115;;;50;5;230.jpg;
10;اكوافينا;Eaux;6111252421568;;;50;5;231.jpg;
15;اكوافينا;Eaux;6111252421582;;;50;5;232.jpg;
97;العين;Eaux;6111271800054;;;50;5;233.jpg;
220;Afia;Huiles & Vinaigres;6111245470023;;;50;5;234.jpg;
431;Afia;Huiles & Vinaigres;6111245470016;;;50;5;235.jpg;
377;Afia huile de table;Huiles & Vinaigres;6111245470030;;;50;5;236.jpg;
330;Hemani Coconut Oil Pure & Natural (400ML);Huiles & Vinaigres;8964000577066;;;50;5;237.jpg;
344;HuilOr - RICHE EN Vitamine E Oméga 3 et 6;Huiles & Vinaigres;6111024001226;;;50;5;238.jpg;
516;Huile Halal;Huiles & Vinaigres;;;;50;5;239.jpg;
280;Huile Lesieur 3 Graines;Huiles & Vinaigres;6111024001530;;;50;5;240.jpg;
72;Huile d'olive;Huiles & Vinaigres;6111099000254;;;50;5;241.jpg;
121;Huile d'olive vierge de Maroc;Huiles & Vinaigres;6111024004746;;;50;5;242.jpg;
310;Huile de grignon d’olive;Huiles & Vinaigres;6111062000175;;;50;5;243.jpg;
365;Huile de table;Huiles & Vinaigres;6111099000629;;;50;5;244.jpg;
80;Huile de table;Huiles & Vinaigres;6111099000599;;;50;5;245.jpg;
335;Huile de table équilibrée;Huiles & Vinaigres;6111024001974;;;50;5;246.jpg;
106;Huile de table équilibrée riche en vitamines A,E,D3;Huiles & Vinaigres;6111024001516;;;50;5;247.jpg;
198;Huile de tournesol;Huiles & Vinaigres;6111024001202;;;50;5;248.jpg;
503;Huile d’olive;Huiles & Vinaigres;;;;50;5;249.jpg;
545;Huile d’olive;Huiles & Vinaigres;;;;50;5;250.jpg;
561;Huile d’olive;Huiles & Vinaigres;;;;50;5;251.jpg;
576;Huile d’olive;Huiles & Vinaigres;;;;50;5;252.jpg;
637;Huile d’olive;Huiles & Vinaigres;;;;50;5;253.jpg;
664;Huile d’olive;Huiles & Vinaigres;;;;50;5;254.jpg;
680;Huile d’olive;Huiles & Vinaigres;;;;50;5;255.jpg;
692;Huile d’olive;Huiles & Vinaigres;;;;50;5;256.jpg;
546;Huile végétale;Huiles & Vinaigres;;;;50;5;257.jpg;
550;Huile végétale;Huiles & Vinaigres;;;;50;5;258.jpg;
649;Huile végétale;Huiles & Vinaigres;;;;50;5;259.jpg;
699;Huile végétale;Huiles & Vinaigres;;;;50;5;260.jpg;
578;Huile végétale - lot;Huiles & Vinaigres;;;;50;5;261.jpg;
236;Huille;Huiles & Vinaigres;6111024004753;;;50;5;262.jpg;
71;Hule D'olive;Huiles & Vinaigres;6111099000247;;;50;5;263.jpg;
479;Joly;Huiles & Vinaigres;6111162000464;;;50;5;264.jpg;
115;Joly Thon Entier;Huiles & Vinaigres;6111162000181;;;50;5;265.jpg;
454;La Española Extra Virgin Olive Oil;Huiles & Vinaigres;8410660098804;;;50;5;266.jpg;
290;Lio huile de table;Huiles & Vinaigres;6111099000582;;;50;5;267.jpg;
602;Louisa Huile;Huiles & Vinaigres;;;;50;5;268.jpg;
608;Okior Huile;Huiles & Vinaigres;;;;50;5;269.jpg;
278;Oleor;Huiles & Vinaigres;6111024001288;;;50;5;270.jpg;
526;Oni Huile;Huiles & Vinaigres;;;;50;5;271.jpg;
527;Oni Huile;Huiles & Vinaigres;;;;50;5;272.jpg;
530;Oni Huile - lot;Huiles & Vinaigres;;;;50;5;273.jpg;
567;Oni Huile - lot;Huiles & Vinaigres;;;;50;5;274.jpg;
708;Oregan Huile de coco;Huiles & Vinaigres;;;;50;5;275.jpg;
101;Pipas;Huiles & Vinaigres;6111214004747;;;50;5;276.jpg;
482;Sardine à l’huile végétale;Huiles & Vinaigres;769503575445;;;50;5;277.jpg;
59;Star vinaigre de table BLANC;Huiles & Vinaigres;6111184001661;;;50;5;278.jpg;
354;TAM thon entier a l'huile;Huiles & Vinaigres;3341430510019;;;50;5;279.jpg;
285;Thon Joly;Huiles & Vinaigres;6111162001102;;;50;5;280.jpg;
428;Thon entier à l'huile;Huiles & Vinaigres;3341430551449;;;50;5;281.jpg;
489;Vinaigre Alcool Colore,;Huiles & Vinaigres;6111184001036;;;50;5;282.jpg;
690;Vinaigre blanc;Huiles & Vinaigres;;;;50;5;283.jpg;
713;Vinaigre blanc;Huiles & Vinaigres;;;;50;5;284.jpg;
155;Wilor;Huiles & Vinaigres;6111024002186;;;50;5;285.jpg;
77;Zaman Oil - Huile d’amande 250 ml;Huiles & Vinaigres;6111251753912;;;50;5;286.jpg;
146;vinaigre de table blanc;Huiles & Vinaigres;6111250474191;;;50;5;287.jpg;
460;زيت المائدة المختارة;Huiles & Vinaigres;6111024001295;;;50;5;288.jpg;
303;30 u;Produits laitiers;1091205;;;50;5;289.jpg;
326;Actimel;Produits laitiers;6111032009146;;;50;5;290.jpg;
358;Actimel;Produits laitiers;6111032009153;;;50;5;291.jpg;
443;Activia;Produits laitiers;6111032009436;;;50;5;292.jpg;
108;Activia Céréales;Produits laitiers;6111032002208;;;50;5;293.jpg;
305;Activia ananas fraise;Produits laitiers;6111032009443;;;50;5;294.jpg;
201;Albane Lait Entier UHT 1L;Produits laitiers;6111265800497;;;50;5;295.jpg;
29;Assil vanille;Produits laitiers;6111032001003;;;50;5;296.jpg;
210;Beurre Badaouia;Produits laitiers;6111242660373;;;50;5;297.jpg;
67;Beurre Frais Pasteurisé;Produits laitiers;6111242105331;;;50;5;298.jpg;
339;Campo Verde;Produits laitiers;6111266680098;;;50;5;299.jpg;
472;Campo verde;Produits laitiers;6111266680883;;;50;5;300.jpg;
247;Chergui Lait;Produits laitiers;6111126005580;;;50;5;301.jpg;
461;Chergui creme fruit de bois;Produits laitiers;6111126001872;;;50;5;302.jpg;
429;Chergui creme 🥭 mangue;Produits laitiers;6111126001865;;;50;5;303.jpg;
416;Chergui protéine vanille;Produits laitiers;6111126005702;;;50;5;304.jpg;
167;Classique Douceur de lait;Produits laitiers;6111203007377;;;50;5;305.jpg;
151;Coeur de lait;Produits laitiers;6111206000696;;;50;5;306.jpg;
57;Cream Cheese;Produits laitiers;6111246721964;;;50;5;307.jpg;
12;Cream cheese;Produits laitiers;6111246721278;;;50;5;308.jpg;
388;Creem cheese;Produits laitiers;6111246721971;;;50;5;309.jpg;
500;Crem Pro Premium - Crème de Cuisson et Liaison;Produits laitiers;6111259093522;;;50;5;310.jpg;
95;Croissance réduit en sucre;Produits laitiers;6111242103528;;;50;5;311.jpg;
381;Crème caramel;Produits laitiers;6111032007968;;;50;5;312.jpg;
422;Crème cuisson;Produits laitiers;6111242109391;;;50;5;313.jpg;
63;DANONE ASSIL BANANE;Produits laitiers;6111032001010;;;50;5;314.jpg;
182;Dan up;Produits laitiers;6111032004455;;;50;5;315.jpg;
374;Danao Pèche - Abricot;Produits laitiers;6111032006985;;;50;5;316.jpg;
169;Danette;Produits laitiers;6111032006718;;;50;5;317.jpg;
184;Danone (zéro sucre ajouté zéro matière grasse);Produits laitiers;6111032010128;;;50;5;318.jpg;
209;Danone - Peche;Produits laitiers;6111032010333;;;50;5;319.jpg;
92;Danone nature;Produits laitiers;6111032002925;;;50;5;320.jpg;
251;Danup fraise;Produits laitiers;6111032004448;;;50;5;321.jpg;
712;Dari Riz au lait / dessert;Produits laitiers;;;;50;5;322.jpg;
450;Daya Avocat;Produits laitiers;6111126002763;;;50;5;323.jpg;
223;Dessert gourmand choco;Produits laitiers;6111242102552;;;50;5;324.jpg;
233;Douceur fromage frais;Produits laitiers;6111126005085;;;50;5;325.jpg;
364;Délicimo : Stracciatella;Produits laitiers;6111242106789;;;50;5;326.jpg;
119;El Mejor Chef;Produits laitiers;6111260232095;;;50;5;327.jpg;
52;Familia 200g;Produits laitiers;6111037000599;9.00;;50;5;328.jpg;
440;Fawakih mchmach khokh;Produits laitiers;6111126001599;;;50;5;329.jpg;
286;Fromage;Produits laitiers;6111203003263;;;50;5;330.jpg;
245;Fromage Fondu;Produits laitiers;6111265930385;;;50;5;331.jpg;
1;Fromage blanc nature;Produits laitiers;6111246721261;;;50;5;332.jpg;
111;Fromage blanc nature;Produits laitiers;6111246721735;;;50;5;333.jpg;
441;Fromage complet socrech;Produits laitiers;6111242190146;;;50;5;334.jpg;
227;Fromage fondu Tartine & Cuisson;Produits laitiers;6111246722169;;;50;5;335.jpg;
24;Frommage fondu;Produits laitiers;6111246722107;;;50;5;336.jpg;
229;Ftoury Fromage Blanc;Produits laitiers;6111246721339;;;50;5;337.jpg;
35;Gervais fromage frais nature sucré;Produits laitiers;6111032008583;;;50;5;338.jpg;
348;Gervais fromage à la créme;Produits laitiers;6111032008125;;;50;5;339.jpg;
110;Ghani;Produits laitiers;6111242102187;;;50;5;340.jpg;
439;Ghani;Produits laitiers;6111242102194;;;50;5;341.jpg;
487;Ghilal;Produits laitiers;6111242105270;;;50;5;342.jpg;
45;Goldium Blanc Nature;Produits laitiers;6111259092525;;;50;5;343.jpg;
126;Goldium Premium Sauce Tacos au Fromage;Produits laitiers;6111259093140;;;50;5;344.jpg;
20;Goldium crémeux;Produits laitiers;6111259092495;;;50;5;345.jpg;
410;Hohos;Produits laitiers;6223000496022;;;50;5;346.jpg;
181;JBEN CHERGUI;Produits laitiers;6111126005221;;;50;5;347.jpg;
36;Jamila رايبي;Produits laitiers;6111032006619;;;50;5;348.jpg;
435;Jben;Produits laitiers;6111126005306;;;50;5;349.jpg;
7;Jben;Produits laitiers;6111242106949;;;50;5;350.jpg;
173;Jben AKNAZ;Produits laitiers;6111250472708;;;50;5;351.jpg;
31;Jebli;Produits laitiers;6111206000733;;;50;5;352.jpg;
484;Jnane;Produits laitiers;6111126001698;;;50;5;353.jpg;
492;Jnane;Produits laitiers;6111126001704;;;50;5;354.jpg;
497;Jnane - Saveur coco;Produits laitiers;6111126001674;;;50;5;355.jpg;
165;Jnane nature sans sucre;Produits laitiers;6111126001711;;;50;5;356.jpg;
130;Kiri;Produits laitiers;6111028001024;;;50;5;357.jpg;
535;Kiri;Produits laitiers;;;;50;5;358.jpg;
434;Kiri carré 12p;Produits laitiers;6111028000997;;;50;5;359.jpg;
124;Kiri carré 8p;Produits laitiers;6111028000980;15.95;;50;5;360.jpg;
153;Kéfir Nature;Produits laitiers;6111126005894;;;50;5;361.jpg;
323;LA HOLLANDAISE CLASSIQUE 64P;Produits laitiers;6111203007384;;;50;5;362.jpg;
391;LADID;Produits laitiers;6111242105676;;;50;5;363.jpg;
60;LBEN CARTON PASTEURISER;Produits laitiers;6111242101050;;;50;5;364.jpg;
16;La Hollandaise Cheddar;Produits laitiers;6111203006653;;;50;5;365.jpg;
488;Lait Demi écrème Uht Jaouda;Produits laitiers;6111242101197;;;50;5;366.jpg;
90;Lait Frais 15 jours;Produits laitiers;6111126003821;;;50;5;367.jpg;
83;Lait U.H.T entier;Produits laitiers;6111250470742;;;50;5;368.jpg;
318;Lait UHT Entier;Produits laitiers;6111250474276;;;50;5;369.jpg;
355;Lait colainord;Produits laitiers;6111046003109;;;50;5;370.jpg;
6;Lait de la ferme jaouda;Produits laitiers;6111266962187;;;50;5;371.jpg;
502;Lait en poudre Almarai;Produits laitiers;;;;50;5;372.jpg;
407;Lait fermenté;Produits laitiers;6111126001582;;;50;5;373.jpg;
288;Lait frais pasteurisé;Produits laitiers;6111243590433;;;50;5;374.jpg;
183;Lait naturel;Produits laitiers;6111032000624;;;50;5;375.jpg;
118;Lait sans lactose;Produits laitiers;6111242105638;;;50;5;376.jpg;
307;Le Bloc;Produits laitiers;3073781077025;;;50;5;377.jpg;
25;Le Lait demi écrémé;Produits laitiers;6111242100817;;;50;5;378.jpg;
304;Le Plaisir à tartiner;Produits laitiers;6111245341019;;;50;5;379.jpg;
149;Le berger From blanc Nat;Produits laitiers;6111246721957;;;50;5;380.jpg;
105;Le bon lait;Produits laitiers;6111250012416;;;50;5;381.jpg;
14;Le nature;Produits laitiers;6111242100206;;;50;5;382.jpg;
131;Leben;Produits laitiers;6111242104556;;;50;5;383.jpg;
270;Leben;Produits laitiers;6111266962774;;;50;5;384.jpg;
140;Leben BELDI;Produits laitiers;6111126001988;;;50;5;385.jpg;
202;Leben JAOUDA;Produits laitiers;6111242100022;;;50;5;386.jpg;
132;Lilia Tartine & Cuisine;Produits laitiers;6111099005396;;;50;5;387.jpg;
152;Linea;Produits laitiers;6111242101203;;;50;5;388.jpg;
88;Mantequilla;Produits laitiers;6111099005495;;;50;5;389.jpg;
386;Masło orzechowe;Produits laitiers;5900617012197;;;50;5;390.jpg;
697;Milo;Produits laitiers;;;;50;5;391.jpg;
46;Nescafé Classic;Produits laitiers;6111018903161;;;50;5;392.jpg;
606;Nesquik / Lait en poudre;Produits laitiers;;;;50;5;393.jpg;
107;Olla Crème de Cuisson Onctueuse;Produits laitiers;6111251754247;;;50;5;394.jpg;
292;Or Blanc;Produits laitiers;6111245340487;;;50;5;395.jpg;
298;Original Doux & crémeux;Produits laitiers;6111245342696;;;50;5;396.jpg;
474;Peanut Butter Crunchy;Produits laitiers;5900617003454;;;50;5;397.jpg;
3;Perly;Produits laitiers;6111242100992;;;50;5;398.jpg;
76;Perly fromage;Produits laitiers;6111266960336;;;50;5;399.jpg;
240;Petit Frais Nature;Produits laitiers;6111246720783;;;50;5;400.jpg;
120;Petit beurre;Produits laitiers;6111259342828;;;50;5;401.jpg;
322;Petit frais;Produits laitiers;6111246720790;;;50;5;402.jpg;
160;Pindakaas;Produits laitiers;6111262821150;;;50;5;403.jpg;
462;Pizzarella Premium;Produits laitiers;6111259090132;;;50;5;404.jpg;
675;Produit laitier;Produits laitiers;;;;50;5;405.jpg;
695;Produit laitier / préparation;Produits laitiers;;;;50;5;406.jpg;
396;Proteines Mangue;Produits laitiers;6111126005696;;;50;5;407.jpg;
308;Préparation en poudre pour Crème pâtissière saveur vanille;Produits laitiers;6111180005342;;;50;5;408.jpg;
480;Purisima;Produits laitiers;8716200334808;;;50;5;409.jpg;
129;Pâte d'arachide;Produits laitiers;8198701234564;;;50;5;410.jpg;
432;Queso Edam Bola Tierno;Produits laitiers;8710912074922;;;50;5;411.jpg;
179;Queso cremoso;Produits laitiers;7622210103314;;;50;5;412.jpg;
418;Raib banan sghir;Produits laitiers;6111126000424;;;50;5;413.jpg;
195;Raib vani jaouda;Produits laitiers;6111242102361;;;50;5;414.jpg;
212;Raibi jamila;Produits laitiers;6111032009870;;;50;5;415.jpg;
314;Ricotta 1%;Produits laitiers;6111246721384;;;50;5;416.jpg;
103;Salim;Produits laitiers;6111032000631;;;50;5;417.jpg;
44;Salim;Produits laitiers;6111032000600;;;50;5;418.jpg;
296;Sour Cream & Onion;Produits laitiers;5053990101597;;;50;5;419.jpg;
347;Sour Cream & Onion;Produits laitiers;7622202025587;;;50;5;420.jpg;
33;Tartine & Cuisine;Produits laitiers;6111099003897;;;50;5;421.jpg;
84;Tendre nature;Produits laitiers;6111242102781;;;50;5;422.jpg;
136;Tranches Au Goût Cheddar;Produits laitiers;6111260230619;;;50;5;423.jpg;
222;Velouté Fraise;Produits laitiers;6111032002888;;;50;5;424.jpg;
284;Viva - Fromage;Produits laitiers;6111260232101;;;50;5;425.jpg;
69;Yaourt Grec Muesli;Produits laitiers;6111242103702;;;50;5;426.jpg;
411;Yaourt Jnane;Produits laitiers;6111126001681;;;50;5;427.jpg;
294;Yaourt grec;Produits laitiers;6111242103696;;;50;5;428.jpg;
94;Yaourt tendre;Produits laitiers;6111242102767;;;50;5;429.jpg;
254;Yawmi velouté pistache;Produits laitiers;6111032002918;;;50;5;430.jpg;
336;Yogurt Bnine BANANA;Produits laitiers;6111242102941;;;50;5;431.jpg;
269;asiri fraise;Produits laitiers;6111032002963;;;50;5;432.jpg;
316;beurre central 1kg;Produits laitiers;6111032007043;;;50;5;433.jpg;
171;cream - cheese;Produits laitiers;6111246722084;;;50;5;434.jpg;
268;crème cuisson;Produits laitiers;6111242104617;;;50;5;435.jpg;
79;danino;Produits laitiers;6111032008453;;;50;5;436.jpg;
87;delicemo;Produits laitiers;6111266962446;;;50;5;437.jpg;
161;double zéro Cerise;Produits laitiers;6111032010135;;;50;5;438.jpg;
394;fawakih mangue 900ml;Produits laitiers;6111126001605;;;50;5;439.jpg;
378;fondiz;Produits laitiers;6111266680135;;;50;5;440.jpg;
215;fromage blanc nature;Produits laitiers;6111246721995;;;50;5;441.jpg;
55;fromage herbes milky food;Produits laitiers;6111246722039;;;50;5;442.jpg;
406;fromage perly 64p;Produits laitiers;6111266960350;;;50;5;443.jpg;
370;hollandis class 16p;Produits laitiers;6111203007360;;;50;5;444.jpg;
28;jaouda Cremy;Produits laitiers;6111242100305;;;50;5;445.jpg;
217;kiri 36p;Produits laitiers;6111028001017;48.95;;50;5;446.jpg;
70;kéfir 500g;Produits laitiers;8424893600352;;;50;5;447.jpg;
39;kéfir nature;Produits laitiers;8420756010320;;;50;5;448.jpg;
203;la hollandaise;Produits laitiers;6111203006646;;;50;5;449.jpg;
289;la hollandaise 16p cheddar;Produits laitiers;6111203004451;;;50;5;450.jpg;
141;la vache qui rit;Produits laitiers;6111028001222;;;50;5;451.jpg;
102;lait;Produits laitiers;6111266962651;;;50;5;452.jpg;
189;lait sans lactose;Produits laitiers;6111242107441;;;50;5;453.jpg;
40;le blanc nature 900g araai;Produits laitiers;6111246721940;;;50;5;454.jpg;
306;nido;Produits laitiers;6111018908999;;;50;5;455.jpg;
465;plaisirs nature sucre fmg;Produits laitiers;6111126005535;;;50;5;456.jpg;
287;predator;Produits laitiers;5061013962506;;;50;5;457.jpg;
147;tartine la Prairie classique 450g;Produits laitiers;6111203007520;;;50;5;458.jpg;
8;uht jaouda 1L;Produits laitiers;6111242101180;;;50;5;459.jpg;
421;uht jibal 1/2L;Produits laitiers;6111246950876;;;50;5;460.jpg;
154;vach;Produits laitiers;6111028001246;;;50;5;461.jpg;
159;الهاندس;Produits laitiers;6111203005779;;;50;5;462.jpg;
448;دان شركي حامض;Produits laitiers;6111126001841;;;50;5;463.jpg;
317;ديليسيوس بيرلي;Produits laitiers;6111266962576;;;50;5;464.jpg;
74;رايبي جودة;Produits laitiers;6111242100930;;;50;5;465.jpg;
78;غلال القمح;Produits laitiers;6111242102002;;;50;5;466.jpg;
401;قشدة طرية;Produits laitiers;6111126000905;;;50;5;467.jpg;
214;كريميو;Produits laitiers;6191585701858;;;50;5;468.jpg;
32;كيفير;Produits laitiers;6111266963207;;;50;5;469.jpg;
191;لذيذ;Produits laitiers;6111266962644;;;50;5;470.jpg;
301;ياغورت ممزوج ناعم كريمي;Produits laitiers;6111242100299;;;50;5;471.jpg;
666;Ariel Lessive;Produits ménagers;;;;50;5;472.jpg;
512;Ariel Lessive Automatique 6 kg;Produits ménagers;;;;50;5;473.jpg;
577;Doussy Lessive;Produits ménagers;;;;50;5;474.jpg;
593;Doussy Lessive;Produits ménagers;;;;50;5;475.jpg;
604;Doussy Lessive;Produits ménagers;;;;50;5;476.jpg;
683;Doussy Lessive;Produits ménagers;;;;50;5;477.jpg;
525;Ecore Lessive;Produits ménagers;;;;50;5;478.jpg;
613;Ecore Lessive;Produits ménagers;;;;50;5;479.jpg;
630;Fairy Liquide vaisselle;Produits ménagers;;;;50;5;480.jpg;
513;Grefort Lessive;Produits ménagers;;;;50;5;481.jpg;
612;Grefort Lessive - lot;Produits ménagers;;;;50;5;482.jpg;
580;Lessive liquide;Produits ménagers;;;;50;5;483.jpg;
590;Lessive liquide;Produits ménagers;;;;50;5;484.jpg;
579;Liquide vaisselle;Produits ménagers;;;;50;5;485.jpg;
657;Liquide vaisselle;Produits ménagers;;;;50;5;486.jpg;
703;Maxis Lessive;Produits ménagers;;;;50;5;487.jpg;
552;Maxis Liquide vaisselle;Produits ménagers;;;;50;5;488.jpg;
553;Maxis Liquide vaisselle;Produits ménagers;;;;50;5;489.jpg;
574;Mio Liquide vaisselle;Produits ménagers;;;;50;5;490.jpg;
671;Mio Liquide vaisselle;Produits ménagers;;;;50;5;491.jpg;
688;OMO Lessive;Produits ménagers;;;;50;5;492.jpg;
586;Oni Liquide vaisselle;Produits ménagers;;;;50;5;493.jpg;
607;Oni Liquide vaisselle;Produits ménagers;;;;50;5;494.jpg;
656;Oni Liquide vaisselle;Produits ménagers;;;;50;5;495.jpg;
685;Produit ménager;Produits ménagers;;;;50;5;496.jpg;
588;Rubikaine;Produits ménagers;;;;50;5;497.jpg;
538;Sanytol;Produits ménagers;;;;50;5;498.jpg;
582;Soupline Adoucissant;Produits ménagers;;;;50;5;499.jpg;
646;Spray nettoyant;Produits ménagers;;;;50;5;500.jpg;
707;Vanish Détachant;Produits ménagers;;;;50;5;501.jpg;
395;Blé tendre cuisson 10 min Ebly 500 g;Pâtes, Riz & Céréales;3487400000392;;;50;5;502.jpg;
273;Cerelac;Pâtes, Riz & Céréales;6221007032540;;;50;5;503.jpg;
408;Cerelac Blé;Pâtes, Riz & Céréales;6221007032724;;;50;5;504.jpg;
413;Cuor di Cereale;Pâtes, Riz & Céréales;8410376040425;;;50;5;505.jpg;
563;Dari Berekouch;Pâtes, Riz & Céréales;;;;50;5;506.jpg;
510;Dari Couscous;Pâtes, Riz & Céréales;;;;50;5;507.jpg;
518;Dari Couscous;Pâtes, Riz & Céréales;;;;50;5;508.jpg;
499;Digestive Muesli;Pâtes, Riz & Céréales;8410376026979;;;50;5;509.jpg;
682;Farine;Pâtes, Riz & Céréales;;;;50;5;510.jpg;
673;Farine / produit alimentaire;Pâtes, Riz & Céréales;;;;50;5;511.jpg;
715;Farine d’amande bio;Pâtes, Riz & Céréales;;;;50;5;512.jpg;
471;Gullon Cuordi Cereale Tradizionale, Alto Contenuto Di Fibra;Pâtes, Riz & Céréales;8410376039986;;;50;5;513.jpg;
622;Ideal Farine;Pâtes, Riz & Céréales;;;;50;5;514.jpg;
663;Ideal Farine;Pâtes, Riz & Céréales;;;;50;5;515.jpg;
373;Indomie instant noodles baladi chicken flavor;Pâtes, Riz & Céréales;89686120073;;;50;5;516.jpg;
631;Jibal / Produit céréales;Pâtes, Riz & Céréales;;;;50;5;517.jpg;
645;Jibal / Produit céréales;Pâtes, Riz & Céréales;;;;50;5;518.jpg;
669;Jibal / Produit céréales;Pâtes, Riz & Céréales;;;;50;5;519.jpg;
698;Kayna Coquillettes;Pâtes, Riz & Céréales;;;;50;5;520.jpg;
544;Kayna Couscous;Pâtes, Riz & Céréales;;;;50;5;521.jpg;
565;Kayna Couscous;Pâtes, Riz & Céréales;;;;50;5;522.jpg;
633;Kayna Couscous;Pâtes, Riz & Céréales;;;;50;5;523.jpg;
660;Kayna Couscous;Pâtes, Riz & Céréales;;;;50;5;524.jpg;
632;Kayna Spaghetti;Pâtes, Riz & Céréales;;;;50;5;525.jpg;
627;Kenz Farine / Préparation;Pâtes, Riz & Céréales;;;;50;5;526.jpg;
361;Musli Oat biscuits (Blueberry);Pâtes, Riz & Céréales;8595229901075;;;50;5;527.jpg;
367;Müsli oat biscuits;Pâtes, Riz & Céréales;8595229900504;;;50;5;528.jpg;
259;Pain de mie complet;Pâtes, Riz & Céréales;6111246910023;;;50;5;529.jpg;
490;Pain de mie complet;Pâtes, Riz & Céréales;6111245460345;;;50;5;530.jpg;
392;Pain de sucre;Pâtes, Riz & Céréales;6111029000040;;;50;5;531.jpg;
380;Peripella;Pâtes, Riz & Céréales;6111250477567;;;50;5;532.jpg;
559;Pâtes alimentaires;Pâtes, Riz & Céréales;;;;50;5;533.jpg;
635;Pâtes alimentaires;Pâtes, Riz & Céréales;;;;50;5;534.jpg;
709;Quinoa;Pâtes, Riz & Céréales;;;;50;5;535.jpg;
64;Sable coco Henry s 42g;Pâtes, Riz & Céréales;3362600011228;;;50;5;536.jpg;
137;Sablé Coco;Pâtes, Riz & Céréales;3362600001106;;;50;5;537.jpg;
681;Semoule / couscous;Pâtes, Riz & Céréales;;;;50;5;538.jpg;
687;Semoule / couscous;Pâtes, Riz & Céréales;;;;50;5;539.jpg;
404;Sergio;Pâtes, Riz & Céréales;6111259344129;;;50;5;540.jpg;
258;special burger;Pâtes, Riz & Céréales;6111260231548;;;50;5;541.jpg;
362;سيرجيو صغيرة;Pâtes, Riz & Céréales;6111259344051;;;50;5;542.jpg;
614;Amora Ketchup;Sauces & Condiments;;;;50;5;543.jpg;
113;Assaisonnement aromatisé au citron;Sauces & Condiments;6111184003276;;;50;5;544.jpg;
466;Assaisonnement aromatisé au citron;Sauces & Condiments;6111250472265;;;50;5;545.jpg;
192;Atún con tomate;Sauces & Condiments;8410111000707;;;50;5;546.jpg;
676;Barilla Arrabbiata;Sauces & Condiments;;;;50;5;547.jpg;
658;Barilla Sauce Bolognese;Sauces & Condiments;;;;50;5;548.jpg;
238;Bol Bol Ketchup;Sauces & Condiments;6111250472241;;;50;5;549.jpg;
672;Dami Sauce / Préparation;Sauces & Condiments;;;;50;5;550.jpg;
642;Heinz Ketchup;Sauces & Condiments;;;;50;5;551.jpg;
340;Hot Sauce;Sauces & Condiments;6111184009520;;;50;5;552.jpg;
48;Ketchup Star;Sauces & Condiments;6111184004730;;;50;5;553.jpg;
534;Ketchup Star;Sauces & Condiments;;;;50;5;554.jpg;
706;Lesieur Mayonnaise légère;Sauces & Condiments;;;;50;5;555.jpg;
711;Lugo Sauce piquante;Sauces & Condiments;;;;50;5;556.jpg;
572;Mario Mayonnaise;Sauces & Condiments;;;;50;5;557.jpg;
360;Mayonesa sabor tradicional;Sauces & Condiments;8410066131334;;;50;5;558.jpg;
467;Mayonnaise;Sauces & Condiments;6111250475129;;;50;5;559.jpg;
598;Mayonnaise;Sauces & Condiments;;;;50;5;560.jpg;
98;Mayonnaise;Sauces & Condiments;6111184000619;;;50;5;561.jpg;
42;Mayonnaise recette originale;Sauces & Condiments;6111184004129;;;50;5;562.jpg;
350;Moutarde;Sauces & Condiments;6111250474641;;;50;5;563.jpg;
144;Moutarde de Dijon;Sauces & Condiments;6111184001203;;;50;5;564.jpg;
85;Olla;Sauces & Condiments;6111251753899;;;50;5;565.jpg;
540;Panzani Sauce tomate;Sauces & Condiments;;;;50;5;566.jpg;
655;Panzani Sauce tomate;Sauces & Condiments;;;;50;5;567.jpg;
704;Sacla Pesto;Sauces & Condiments;;;;50;5;568.jpg;
486;Sauce Algérienne;Sauces & Condiments;6111184008356;;;50;5;569.jpg;
338;Sauce De Soja Supérieure Claire;Sauces & Condiments;8681480324484;;;50;5;570.jpg;
96;Sauce algérienne;Sauces & Condiments;6111184007618;;;50;5;571.jpg;
587;Sauce barbecue;Sauces & Condiments;;;;50;5;572.jpg;
605;Sauce barbecue;Sauces & Condiments;;;;50;5;573.jpg;
569;Sauce piquante;Sauces & Condiments;;;;50;5;574.jpg;
693;Sauce piquante;Sauces & Condiments;;;;50;5;575.jpg;
382;Sauce pizza star 350 g;Sauces & Condiments;6111184006413;;;50;5;576.jpg;
591;Sauce tomate;Sauces & Condiments;;;;50;5;577.jpg;
628;Star Ketchup;Sauces & Condiments;;;;50;5;578.jpg;
112;Star Mayonnaise;Sauces & Condiments;6111184000657;;;50;5;579.jpg;
700;Star Mayonnaise;Sauces & Condiments;;;;50;5;580.jpg;
710;Star Mayonnaise;Sauces & Condiments;;;;50;5;581.jpg;
679;Star Moutarde;Sauces & Condiments;;;;50;5;582.jpg;
515;Star Pizza;Sauces & Condiments;;;;50;5;583.jpg;
597;Star Pizza;Sauces & Condiments;;;;50;5;584.jpg;
458;Star Premium Mayonnaise;Sauces & Condiments;6111259344068;;;50;5;585.jpg;
694;Star Sauces - assortiment;Sauces & Condiments;;;;50;5;586.jpg;
560;Star Spicy;Sauces & Condiments;;;;50;5;587.jpg;
264;Star moutarde;Sauces & Condiments;6111184004716;;;50;5;588.jpg;
216;Star moutarde 200 g;Sauces & Condiments;6111184000701;;;50;5;589.jpg;
51;sauce tomate cuisinée;Sauces & Condiments;8445290615350;;;50;5;590.jpg;
190;Levure;Snacks & Fruits secs;6111245370064;;;50;5;591.jpg;
163;Trios;Snacks & Fruits secs;6111252860077;;;50;5;592.jpg;
128;Cacao;Sucre & Épicerie sucrée;6111180007650;;;50;5;593.jpg;
54;Cosumar Sucre En Lingot Pour Le Thé 1 kg;Sucre & Épicerie sucrée;6111029000118;;;50;5;594.jpg;
343;Cosumar Sucre Granule - Granulated Sugar;Sucre & Épicerie sucrée;6111029000415;;;50;5;595.jpg;
595;La Peruche Sucre;Sucre & Épicerie sucrée;;;;50;5;596.jpg;
99;Nescafé classic;Sucre & Épicerie sucrée;6111018501480;;;50;5;597.jpg;
363;Samar Gusto Coffee 45g;Sucre & Épicerie sucrée;6111243002493;;;50;5;598.jpg;
523;Sucre;Sucre & Épicerie sucrée;;;;50;5;599.jpg;
524;Sucre;Sucre & Épicerie sucrée;;;;50;5;600.jpg;
599;Sucre;Sucre & Épicerie sucrée;;;;50;5;601.jpg;
356;enmer;Sucre & Épicerie sucrée;6111029000293;;;50;5;602.jpg;
353;miel;Sucre & Épicerie sucrée;6111243380027;;;50;5;603.jpg;
504;Édulcorant zéro calorie;Sucre & Épicerie sucrée;;;;50;5;604.jpg;
86;سكر الفانيلين;Sucre & Épicerie sucrée;6111180000392;;;50;5;605.jpg;
243;Asta;Thé & Café;6111101001361;;;50;5;606.jpg;
73;Green Tea;Thé & Café;6923818812082;;;50;5;607.jpg;
213;Lipton Ice Tea Saveur Pêche;Thé & Café;6111252422411;;;50;5;608.jpg;
293;Nescafe classic;Thé & Café;6111018903185;;;50;5;609.jpg;
611;Nesquik;Thé & Café;;;;50;5;610.jpg;
624;Nesquik;Thé & Café;;;;50;5;611.jpg;
601;Nesquik / Boisson cacao;Thé & Café;;;;50;5;612.jpg;
188;VIP Gold café instantané;Thé & Café;6111250470209;;;50;5;613.jpg;
218;VIP crema gold café instantané;Thé & Café;6111250473453;;;50;5;614.jpg;
242;شاي النسمة;Thé & Café;6111243640831;;;50;5;615.jpg;
142;قهوة الطبيب;Thé & Café;6111175000741;;;50;5;616.jpg;
134;Atun;Épicerie;8410111211202;;;50;5;617.jpg;
262;Capri choco;Épicerie;6111249960964;;;50;5;618.jpg;
200;Cheeslé Blanc nature;Épicerie;6111259093102;;;50;5;619.jpg;
276;Crempro;Épicerie;6111259090415;;;50;5;620.jpg;
399;Danone max;Épicerie;6111032009429;;;50;5;621.jpg;
420;Daya Ananas Coco;Épicerie;6111126004538;;;50;5;622.jpg;
446;Extrem;Épicerie;6111259344501;;;50;5;623.jpg;
477;Halls Plain Hard Candy - Extra Strong Flavor;Épicerie;7622201695323;;;50;5;624.jpg;
491;Indomie;Épicerie;5285000397465;;;50;5;625.jpg;
75;KING COOKIES;Épicerie;6111259343108;;;50;5;626.jpg;
241;Krit krititas galletas saladas;Épicerie;8434165466333;;;50;5;627.jpg;
436;La prairie classique;Épicerie;6111203001474;;;50;5;628.jpg;
135;Levure rafiaa;Épicerie;6111246250013;;;50;5;629.jpg;
464;Luncheon;Épicerie;6111259091665;;;50;5;630.jpg;
415;MARG FAMILIA 400G;Épicerie;6111037000643;;;50;5;631.jpg;
328;MARG VITAL OVAL PF 200G;Épicerie;6111203005014;;;50;5;632.jpg;
427;Magnesium;Épicerie;4058172309250;;;50;5;633.jpg;
250;Margarine patissière;Épicerie;6111037000506;;;50;5;634.jpg;
383;Matina;Épicerie;6111243570169;;;50;5;635.jpg;
116;Mayfine;Épicerie;6111180003102;;;50;5;636.jpg;
180;Muscly la force pour grandir;Épicerie;6111242101272;;;50;5;637.jpg;
219;Nouilles Instantanées Goût Boeuf;Épicerie;5285000396437;;;50;5;638.jpg;
249;Petits fours financiers;Épicerie;6923818881323;;;50;5;639.jpg;
451;Pringles Sare;Épicerie;5053990101573;;;50;5;640.jpg;
640;Produit congelé;Épicerie;;;;50;5;641.jpg;
532;Produit pâtisserie en poudre;Épicerie;;;;50;5;642.jpg;
537;Produit pâtisserie en poudre;Épicerie;;;;50;5;643.jpg;
224;SALIM LBEN 440G;Épicerie;6111032009924;;;50;5;644.jpg;
211;Schweppes citron 1l;Épicerie;5449000334343;12.00;;50;5;645.jpg;
333;Sport;Épicerie;6111126005719;;;50;5;646.jpg;
403;Supreme Original;Épicerie;6111259346710;;;50;5;647.jpg;
384;Tartine & Cuisine;Épicerie;6111099005488;;;50;5;648.jpg;
248;Vegetal;Épicerie;5410093179616;;;50;5;649.jpg;
138;flan caram jao dan;Épicerie;6111242102019;;;50;5;650.jpg;
21;levure pâtisserie;Épicerie;6111180000231;;;50;5;651.jpg;
109;margarine;Épicerie;6111203007513;;;50;5;652.jpg;
252;margarine la prairie 225g;Épicerie;6111203001467;;;50;5;653.jpg;
433;margarine vital 400 g;Épicerie;6111203005021;;;50;5;654.jpg;
468;pringles hot & spicy;Épicerie;5053990101542;;;50;5;655.jpg;
442;top cookies original;Épicerie;6111259341494;;;50;5;656.jpg;
459;سكر النمر;Épicerie;6111029000491;;;50;5;657.jpg;
50;شييزلي;Épicerie;6111259093096;;;50;5;658.jpg;
255;قلوتي;Épicerie;6111032007661;;;50;5;659.jpg;
351;Aicha Double Concentré De Tomates 140 G;Épicerie salée;6111021022002;;;50;5;660.jpg;
592;Aicha Tomates;Épicerie salée;;;;50;5;661.jpg;
650;Aicha Tomates;Épicerie salée;;;;50;5;662.jpg;
186;Aicha Tomato Paste;Épicerie salée;6111021090056;;;50;5;663.jpg;
166;Concentré de tomates Aicha;Épicerie salée;6111021090049;;;50;5;664.jpg;
430;Danino;Épicerie salée;6111032008446;;;50;5;665.jpg;
409;Delicia 200 g;Épicerie salée;6111162001416;;;50;5;666.jpg;
157;Delicia double concentre de tomates;Épicerie salée;6111162001201;;;50;5;667.jpg;
253;Double concentré de tomates;Épicerie salée;6111021026000;;;50;5;668.jpg;
272;Double concentré de tomates;Épicerie salée;6111021090100;;;50;5;669.jpg;
423;Double concentré de tomates;Épicerie salée;6111162001553;;;50;5;670.jpg;
457;Dtink happy ana;Épicerie salée;6923815199025;;;50;5;671.jpg;
277;Lio produit;Épicerie salée;6111099000605;;;50;5;672.jpg;
536;Mutti Passata / Tomates;Épicerie salée;;;;50;5;673.jpg;
453;Pulmes bulles d’orange;Épicerie salée;6111035001987;;;50;5;674.jpg;
38;Sel de table iodé;Épicerie salée;6111184001562;;;50;5;675.jpg;
520;Sella Tomates;Épicerie salée;;;;50;5;676.jpg;
496;Solis;Épicerie salée;8445291209039;;;50;5;677.jpg;
176;jempo;Épicerie salée;7322540548563;;;50;5;678.jpg;
372;pickers crunchy;Épicerie salée;6111259347625;;;50;5;679.jpg;
661;Marrakech Épices;Épices & Condiments;;;;50;5;680.jpg;
508;Persil;Épices & Condiments;;;;50;5;681.jpg;
585;Widad Basilic;Épices & Condiments;;;;50;5;682.jpg;
551;Épice;Épices & Condiments;;;;50;5;683.jpg;
571;Épice / Harissa;Épices & Condiments;;;;50;5;684.jpg;
