id;name;category;barcode;price;purchasePrice;stock;minStock;image;expirationDate
6;Farine pain Beldi 5kg + farine de luxe 1kg – LUXOR;Epicerie;;33.90;;50;5;00006.jpg;
7;Huile d’olive vierge 1L – CAMPO SUR;Epicerie;;54.95;;50;5;00007.jpg;
8;Lentilles 1kg – JANIS;Epicerie;;12.95;;50;5;00008.jpg;
12;Lot de 3 boites de thon 80g sauce tomate ou huile de tournesol – JANIS;Epicerie;;24.95;;50;5;00012.jpg;
13;Lot de 3 couscous calibre moyen 500g DALIA;Epicerie;;16.20;;50;5;00013.jpg;
14;Lot de 3 couscous moyens 500g – ALITKANE;Epicerie;;15.95;;50;5;00014.jpg;
15;Lot de 3 spaghettis 500g – JANIS;Epicerie;;21.60;;50;5;00015.jpg;
19;AIL SEMOULE 100G GAYA;Epicerie;;22.95;;50;5;00019.jpg;
27;ANCHOIS A L’HUILE D’OLIVE EXTRA VIERGE 100G CONNETABLE;Epicerie;;27.90;;50;5;00027.jpg;
43;BOUILLON ALLEGE EN SEL 8 CUBES IDEAL;Epicerie;;6.95;;50;5;00043.jpg;
55;BOUILLON POISSON 8 CUBES IDEAL;Epicerie;;6.95;;50;5;00055.jpg;
80;CHAMPIGNONS EN MORCEAUX 200G CARLE;Epicerie;;11.40;;50;5;00080.jpg;
81;CHAMPIGNONS EN MORCEAUX 3*200G CARLE;Epicerie;;33.20;;50;5;00081.jpg;
89;CHAMPIGNONS PIEDS & MORCEAUX 3*184G MIDO;Epicerie;;33.95;;50;5;00089.jpg;
102;CONCENTRE DE TOMATE 850G AICHA;Epicerie;;31.95;;50;5;00102.jpg;
103;CONCENTRE DE TOMATE 106 ML AICHA;Epicerie;;7.00;;50;5;00103.jpg;
104;CONCENTRE DE TOMATE 140G AICHA;Epicerie;;7.35;;50;5;00104.jpg;
107;CONCENTRE DE TOMATE 37CL AICHA;Epicerie;;17.40;;50;5;00107.jpg;
109;CONCENTRE DE TOMATE 70G AICHA;Epicerie;;4.95;;50;5;00109.jpg;
111;CONCENTRE DE TOMATE 72CL AICHA;Epicerie;;31.90;;50;5;00111.jpg;
114;CONCENTRE DE TOMATES 21CL AICHA;Epicerie;;11.80;;50;5;00114.jpg;
127;COUSCOUS FIN 1KG DARI;Epicerie;;15.50;;50;5;00127.jpg;
128;COUSCOUS 5 CEREALES 750G ALITKANE;Epicerie;;15.95;;50;5;00128.jpg;
129;COUSCOUS BALBOULA 1KG DARI;Epicerie;;14.95;;50;5;00129.jpg;
130;COUSCOUS BALBOULA 500G DARI;Epicerie;;8.20;;50;5;00130.jpg;
131;COUSCOUS BELBOULA A LA SEMOULE D’ORGE 1KG AL ITKANE;Epicerie;;16.50;;50;5;00131.jpg;
132;COUSCOUS BELBOULA AU BLE D’ORGE 1KG KENZ;Epicerie;;15.50;;50;5;00132.jpg;
133;COUSCOUS COMPLET 1KG AL ITKANE;Epicerie;;17.70;;50;5;00133.jpg;
134;COUSCOUS COMPLET 1KG DARI;Epicerie;;18.95;;50;5;00134.jpg;
135;COUSCOUS COMPLET DE BLE DUR 500G DARI;Epicerie;;10.40;;50;5;00135.jpg;
136;COUSCOUS DE MAIS 1KG AL HIKMA;Epicerie;;28.20;;50;5;00136.jpg;
137;COUSCOUS DE RIZ COMPLET 900G AL HIKMA;Epicerie;;33.80;;50;5;00137.jpg;
138;COUSCOUS FIN 1KG AL ITKANE;Epicerie;;14.90;;50;5;00138.jpg;
139;COUSCOUS FIN 1KG AMGALITA;Epicerie;;15.95;;50;5;00139.jpg;
141;COUSCOUS FIN 500G AL ITKANE;Epicerie;;9.40;;50;5;00141.jpg;
142;COUSCOUS FIN 500G DARI;Epicerie;;9.90;;50;5;00142.jpg;
145;COUSCOUS FIN DE BLE DUR 1KG KENZ;Epicerie;;15.50;;50;5;00145.jpg;
148;COUSCOUS INTEGRAL BLE COMPLET RICHE EN FIBRES 1KG KENZ;Epicerie;;19.50;;50;5;00148.jpg;
149;COUSCOUS KHOUMASSI 1KG COOPERATIVE RIHAM;Epicerie;;34.50;;50;5;00149.jpg;
150;COUSCOUS MOYEN 1KG AL ITKANE;Epicerie;;14.90;;50;5;00150.jpg;
151;COUSCOUS MOYEN 1KG AMGALITA;Epicerie;;15.95;;50;5;00151.jpg;
152;COUSCOUS MOYEN 1KG DALIA;Epicerie;;13.50;;50;5;00152.jpg;
153;COUSCOUS MOYEN 1KG DARI;Epicerie;;15.50;;50;5;00153.jpg;
155;COUSCOUS MOYEN 500G DARI;Epicerie;;9.90;;50;5;00155.jpg;
158;COUSCOUS MOYEN DE BLE DUR 1KG KENZ;Epicerie;;15.50;;50;5;00158.jpg;
161;CREME DE VOLAILLE 60G IDEAL;Epicerie;;7.60;;50;5;00161.jpg;
176;EPICES PASTILLA POISSON 100G GAYA;Epicerie;;13.95;;50;5;00176.jpg;
188;FARINE COMPLETE 1KG AL ITKANE;Epicerie;;13.20;;50;5;00188.jpg;
194;FARINE COMPLETE DE BLE DUR 1KG MOONY;Epicerie;;95.20;;50;5;00194.jpg;
195;FARINE DE LUXE BLE TENDRE 5KG MOONY;Epicerie;;23.95;;50;5;00195.jpg;
196;FARINE DE LUXE DE BLE TENDRE 10KG AL ITKANE;Epicerie;;45.50;;50;5;00196.jpg;
197;FARINE DE LUXE DE BLE TENDRE 25KG KENZ;Epicerie;;102.95;;50;5;00197.jpg;
198;FARINE DE LUXE DE BLE TENDRE 5KG AL ITKANE;Epicerie;;23.80;;50;5;00198.jpg;
199;FARINE DE MAIS EXTRA FINE 1KG AL HIKMA;Epicerie;;25.90;;50;5;00199.jpg;
201;FARINE DE RIZ COMPLET 750G AL HIKMA;Epicerie;;31.70;;50;5;00201.jpg;
206;FARINE FINOT DE BLE DUR 1KG KENZ;Epicerie;;11.80;;50;5;00206.jpg;
209;FARINE FLEUR 1KG AL ITKANE;Epicerie;;7.50;;50;5;00209.jpg;
215;FARINE LUXE DE BLE TENDRE 10KG AMGALITA;Epicerie;;43.50;;50;5;00215.jpg;
216;FARINE LUXE DE BLE TENDRE 10KG KENZ;Epicerie;;46.20;;50;5;00216.jpg;
217;FARINE LUXE DE BLE TENDRE 5KG AMGALITA;Epicerie;;22.20;;50;5;00217.jpg;
218;FARINE MIX B SANS GLUTEN SPECIAL PAIN 1KG SCHAR;Epicerie;;72.95;;50;5;00218.jpg;
219;FARINE MIX C PATISSERIE SANS GLUTEN 1KG SCHAR;Epicerie;;88.50;;50;5;00219.jpg;
220;FARINE MIX IT RUSTICO SANS GLUTEN 1KG SCHAR;Epicerie;;75.95;;50;5;00220.jpg;
221;FARINE MIX IT SANS GLUTEN 500G SCHAR;Epicerie;;32.50;;50;5;00221.jpg;
225;FARINE PATISSIERE 1KG AMGALITA;Epicerie;;7.20;;50;5;00225.jpg;
228;FARINE SANS GLUTEN 1 KG SCHAR;Epicerie;;50.95;;50;5;00228.jpg;
233;FILET DE THON A L’HUILE DE TOURNESOL 125G TAMIMA;Epicerie;;19.20;;50;5;00233.jpg;
234;FILET DE THON A LHUILE DOLIVE 125G MARIO;Epicerie;;20.90;;50;5;00234.jpg;
235;FILET MAQUEREAUX HUILE VEGETALE 125G JOLY;Epicerie;;10.80;;50;5;00235.jpg;
236;FILETS DE MAQUEREAUX A L’HUILE VEGETALE 1,7KG CARLE;Epicerie;;103.95;;50;5;00236.jpg;
237;FILETS DE MAQUEREAUX A LA SAUCE TOMATE 125G CARLE;Epicerie;;10.20;;50;5;00237.jpg;
238;FILETS DE MAQUEREAUX A LA SAUCE TOMATE 125G JOLY;Epicerie;;10.70;;50;5;00238.jpg;
239;FILETS DE SARDINES A L’HUILE D’OLIVE EXTRA VIERGE 100G CONNETABLE;Epicerie;;16.20;;50;5;00239.jpg;
240;FILETS DE SARDINES MARINES AU CITRON ET BASILIC CONNETABLE;Epicerie;3263670516319;16.20;;50;5;00240.jpg;
241;FILETS DE THON A L’HUILE D’OLIVE 125G JOLY;Epicerie;;23.50;;50;5;00241.jpg;
242;FILETS DE THON A L’HUILE DE TOURNESOL 125G JOLY;Epicerie;;17.20;;50;5;00242.jpg;
243;FILETS DE THON A L’HUILE VEGETALE 1,7KG LE P’TIT PECHEUR;Epicerie;;165.50;;50;5;00243.jpg;
244;FILETS DE THON A L’HUILE VEGETALE 125G MARIO;Epicerie;;16.50;;50;5;00244.jpg;
245;FILETS DE THON A L’HUILE VEGETALE ET CITRON 125G MARIO;Epicerie;;16.50;;50;5;00245.jpg;
252;FUSILLI DE MAIS ET RIZ SANS GLUTEN 400G BARILLA;Epicerie;;56.20;;50;5;00252.jpg;
254;FUSILLI MAIS ET RIZ SANS GLUTEN 500G MONTE REGALE;Epicerie;;41.20;;50;5;00254.jpg;
256;GALETTES DE RIZ 22CM 500G JESSY’S;Epicerie;;43.95;;50;5;00256.jpg;
257;GALETTES DE RIZ 31CM 500G JESSY’S;Epicerie;;44.20;;50;5;00257.jpg;
268;GREEN PEPPER SAUCE 566G TABASCO;Epicerie;;84.90;;50;5;00268.jpg;
269;GREEN PEPPER SAUCE 60ML TABASCO;Epicerie;;26.60;;50;5;00269.jpg;
270;GROS SEL DE MER 250G LA BALEINE;Epicerie;;17.90;;50;5;00270.jpg;
275;HARICOT BLANC A LA TOMATE 340G D’AUCY;Epicerie;;23.90;;50;5;00275.jpg;
283;HARICOTS BLANCS PREPARES 400G BONDUELLE;Epicerie;;21.50;;50;5;00283.jpg;
286;HARICOTS ROUGES 800G MIDO;Epicerie;;25.20;;50;5;00286.jpg;
287;HARICOTS ROUGES HARMONY;Epicerie;6111242800748;15.70;;50;5;00287.jpg;
288;HARICOTS ROUGES PREPARES 125G BONDUELLE;Epicerie;;17.30;;50;5;00288.jpg;
298;HUILE D’OLIVE 1/2 L AL HORRA;Epicerie;;27.70;;50;5;00298.jpg;
299;HUILE D’OLIVE 1/2 L OUED SOUSS;Epicerie;;21.30;;50;5;00299.jpg;
300;HUILE D’OLIVE 1L AL HORRA;Epicerie;;55.90;;50;5;00300.jpg;
301;HUILE D’OLIVE 1L OUED SOUSS;Epicerie;;41.50;;50;5;00301.jpg;
302;HUILE D’OLIVE 2L AL HORRA;Epicerie;;111.50;;50;5;00302.jpg;
303;HUILE D’OLIVE 2L OUED SOUSS;Epicerie;;82.50;;50;5;00303.jpg;
304;HUILE D’OLIVE 5L AL HORRA;Epicerie;;273.95;;50;5;00304.jpg;
305;HUILE D’OLIVE 5L OUED SOUSS;Epicerie;;203.95;;50;5;00305.jpg;
306;HUILE D’OLIVE EXTRA VIERGE 25CL OLINIA;Epicerie;;35.95;;50;5;00306.jpg;
307;HUILE D’OLIVE EXTRA VIERGE 4L OLINIA;Epicerie;;449.20;;50;5;00307.jpg;
309;HUILE DE SESAME 50% ET SOJA 150ML KHAYRATE;Epicerie;;22.50;;50;5;00309.jpg;
312;HUILE DE TABLE 1/2L LESIEUR PLUS;Epicerie;;9.50;;50;5;00312.jpg;
315;HUILE DE TABLE 1L LESIEUR PLUS;Epicerie;;18.50;;50;5;00315.jpg;
321;HUILE DE TABLE 2L LESIEUR PLUS;Epicerie;;36.90;;50;5;00321.jpg;
372;LOT : MAYONNAISE 300G + KETCHUP 300G + VINAIGRE CITRON 50CL + THON A L’HUILE VEGETALE 80G STAR;Epicerie;;37.95;;50;5;00372.jpg;
377;LOT DE 3 SAUCES TOMATES CUISINEES 390G KHAYRAT (2 ACHETES = 1 GRATUIT);Epicerie;;15.50;;50;5;00377.jpg;
379;LOT DE 3 SPAGHETTIS 500G PANZANI (2 ACHETES = 1 GRATUIT);Epicerie;;34.95;;50;5;00379.jpg;
384;LOT DE 4 BOITES DE MAIS 140G MIDO (3 ACHETES = 1 GRATUIT);Epicerie;;31.30;;50;5;00384.jpg;
385;LOT DE 4 BOITES DE MAIS 150G BONDUELLE (3 ACHETES = 1 GRATUIT);Epicerie;;35.95;;50;5;00385.jpg;
386;LOT DE 4 BOITES DE THON A L’HUILE VEGETALE 80G MARIO (3 ACHETES = 1 GRATUIT);Epicerie;;32.95;;50;5;00386.jpg;
387;LOT DE 4 BOITES DE THON A L’HUILE VEGETALE 80G TAMIMA (3 ACHETES = 1 GRATUIT);Epicerie;;34.50;;50;5;00387.jpg;
388;Lot de 4 boîtes de thon à l’huile végétale ou à la sauce tomate 800g – MARIO;Epicerie;;31.95;;50;5;00388.jpg;
389;LOT DE 4 BOITES DE THON A LA SAUCE TOMATE 80G MARIO (3 ACHETES = 1 GRATUIT);Epicerie;;32.95;;50;5;00389.jpg;
390;LOT DE 4 BOITES DE THON A LA SAUCE TOMATE 80G TAMIMA (3 ACHETES = 1 GRATUIT);Epicerie;;34.50;;50;5;00390.jpg;
391;LOT DE 4 SAUCES TOMATES CUISINEES 350G SOLIS (3 ACHETES = 1 GRATUIT);Epicerie;;33.60;;50;5;00391.jpg;
392;LOT DE 6 BOITES DE THON A L’HUILE VEGETALE 80G MARIO (5 ACHETES = 1 GRATUIT);Epicerie;;49.50;;50;5;00392.jpg;
393;LOT DE 6 BOITES DE THON A LA SAUCE TOMATE 80G MARIO (5 ACHETES = 1 GRATUIT);Epicerie;;49.50;;50;5;00393.jpg;
394;LOT DE 6 BOITES DE THON A LA SAUCE TOMATE 80G PESCADA (5 ACHETES = 1 GRATUIT);Epicerie;;48.95;;50;5;00394.jpg;
395;LOT DE 6 BOITES DE THON A LHUILE DE TOURNESOL 80G TAMIMA (5 ACHETES = 1 GRATUIT);Epicerie;;57.50;;50;5;00395.jpg;
401;MAIS 170G KHAYRAT;Epicerie;;9.95;;50;5;00401.jpg;
407;MAIS BIO SANS SUCRES AJOUTES 2*150G BONDUELLE;Epicerie;;44.95;;50;5;00407.jpg;
408;MAIS BIO SANS SUCRES AJOUTES 300G BONDUELLE;Epicerie;;45.95;;50;5;00408.jpg;
413;MAIS DOUX 3*130G KHAYRAT;Epicerie;;23.20;;50;5;00413.jpg;
418;MAIS DOUX 3*180G MIDO;Epicerie;;33.95;;50;5;00418.jpg;
420;MAIS DOUX 300G MIDO;Epicerie;;14.95;;50;5;00420.jpg;
421;MAIS DOUX 320G KHAYRAT;Epicerie;;15.95;;50;5;00421.jpg;
423;MAIS DOUX 600G MIDO;Epicerie;;34.95;;50;5;00423.jpg;
424;MAIS DOUX 800G KHAYRAT;Epicerie;;23.90;;50;5;00424.jpg;
428;MAIS DOUX SANS SUCRES AJOUTES SANS OGM 340G AICHA;Epicerie;;16.95;;50;5;00428.jpg;
430;MAIS EN GRAINS 3*150G BONDUELLE;Epicerie;;39.50;;50;5;00430.jpg;
432;MAIS SANS SUCRE SANS OGM 3*165G AICHA;Epicerie;;32.95;;50;5;00432.jpg;
436;MAQUEREAUX HUILE PIMENTEE 85G JOLY;Epicerie;;7.20;;50;5;00436.jpg;
469;MIETTES DE MAQUEREAUX A LA SAUCE TOMATE ET AUX EPICES 125G JOLY;Epicerie;;6.40;;50;5;00469.jpg;
472;MORCEAUX DE MAQUEREAU A L’HUILE PIMENTEE 3*85G JOLY;Epicerie;;21.50;;50;5;00472.jpg;
473;MORCEAUX DE MAQUEREAU A L’HUILE VEGETALE 3*85G JOLY;Epicerie;;21.50;;50;5;00473.jpg;
474;MORCEAUX DE MAQUEREAU A L’HUILE VEGETALE 85G JOLY;Epicerie;;7.20;;50;5;00474.jpg;
543;PENNE MAIS ET RIZ SANS GLUTEN 500G MONTE REGALE;Epicerie;;41.20;;50;5;00543.jpg;
553;PEPPER SAUCE 60ML TABASCO;Epicerie;;26.60;;50;5;00553.jpg;
559;PETITS POIS 400G MIDO;Epicerie;;17.20;;50;5;00559.jpg;
562;PETITS POIS ET CAROTTES EXTRA FINS 400G BONDUELLE;Epicerie;;19.50;;50;5;00562.jpg;
569;PIMENT JALAPENO EN MORCEAUX SANS HUILE 330G KUHNE;Epicerie;;41.20;;50;5;00569.jpg;
587;POTAGE POULET VERMICELLE 60G IDEAL;Epicerie;;7.60;;50;5;00587.jpg;
588;PREPARATION DAMTI POUR SAUCE BECHAMEL 80G IDEAL;Epicerie;;5.95;;50;5;00588.jpg;
589;PREPARATION DAMTI POUR SAUCE BECHAMEL GOUT FROMAGE 40G IDEAL;Epicerie;;5.95;;50;5;00589.jpg;
642;SARDINE A LA SAUCE TOMATE 125G JOLY;Epicerie;;6.70;;50;5;00642.jpg;
643;SARDINE HUILE PIMENTEE 125G JOLY;Epicerie;;6.80;;50;5;00643.jpg;
644;SARDINE HUILE VEGETALE 125G JOLY;Epicerie;;6.70;;50;5;00644.jpg;
645;SARDINE SANS ARETES A LA SAUCE TOMATE ET L’HUILE D’OLIVE 140G CONNETABLE;Epicerie;;16.95;;50;5;00645.jpg;
646;SARDINES GENEREUSES A L’HUILE D’OLIVE 140G CONNETABLE;Epicerie;;15.50;;50;5;00646.jpg;
649;SARDINES SANS ARETES A L’HUILE D’OLIVE EXTRA VIERGE 140G CONNETABLE;Epicerie;;18.80;;50;5;00649.jpg;
650;SARDINES SANS PEAU ET SANS ARETES AU NATUREL 140G CONNETABLE;Epicerie;;16.95;;50;5;00650.jpg;
660;SAUCE ARRABIATA 400G PANZANI;Epicerie;;27.60;;50;5;00660.jpg;
661;SAUCE AUX TOMATES SECHEES ET AIL 190G SACLA;Epicerie;;42.95;;50;5;00661.jpg;
667;SAUCE BARBECUE 490G AMORA;Epicerie;;77.95;;50;5;00667.jpg;
668;SAUCE BARBECUE MIEL 282G AMORA;Epicerie;;51.95;;50;5;00668.jpg;
674;SAUCE BOLOGNAISE 400G BARILLA;Epicerie;8076809570596;29.40;;50;5;00674.jpg;
675;SAUCE BURGER 260G AMORA;Epicerie;;51.95;;50;5;00675.jpg;
677;SAUCE CHIPOTLE 60ML TABASCO;Epicerie;;27.50;;50;5;00677.jpg;
686;SAUCE NAPOLITAINE 400G PANZANI;Epicerie;;26.60;;50;5;00686.jpg;
688;SAUCE ORIGINALE 210G PANZANI;Epicerie;;39.95;;50;5;00688.jpg;
689;SAUCE ORIGINALE 400G PANZANI;Epicerie;;26.60;;50;5;00689.jpg;
691;SAUCE PESTO 200G PANZANI;Epicerie;3038354199603;38.95;;50;5;00691.jpg;
692;SAUCE PESTO ALLA CALABRESE 190G BARILLA;Epicerie;8076809517751;37.95;;50;5;00692.jpg;
704;SAUCE PIZZA 106 ML AICHA;Epicerie;;5.20;;50;5;00704.jpg;
705;SAUCE PIZZA 21CL AICHA;Epicerie;;8.60;;50;5;00705.jpg;
707;SAUCE PIZZA 37CL AICHA;Epicerie;;12.60;;50;5;00707.jpg;
709;SAUCE PIZZA 72CL AICHA;Epicerie;;22.50;;50;5;00709.jpg;
711;SAUCE PIZZA 850G AICHA;Epicerie;;23.60;;50;5;00711.jpg;
715;SAUCE PIZZA OLIVE ET BASILIC 400G PANZANI;Epicerie;;28.60;;50;5;00715.jpg;
724;SAUCE SCORPION 60ML TABASCO;Epicerie;8721497002262;35.95;;50;5;00724.jpg;
726;SAUCE SOJA AU CHAMPIGNON 150ML KHAYRAT;Epicerie;;11.95;;50;5;00726.jpg;
729;SAUCE SOJA LIGHT 150ML KHAYRAT;Epicerie;;11.95;;50;5;00729.jpg;
730;SAUCE SOJA NOIR 150ML KHAYRAT;Epicerie;;11.95;;50;5;00730.jpg;
733;SAUCE SRIRACHA 256ML TABASCO;Epicerie;;39.95;;50;5;00733.jpg;
738;SAUCE TOMATE 400G MIDO;Epicerie;;10.40;;50;5;00738.jpg;
739;SAUCE TOMATE ARRABIATA 190G SACLA;Epicerie;;43.50;;50;5;00739.jpg;
740;SAUCE TOMATE AU BASILIC 400G BARILLA;Epicerie;;29.40;;50;5;00740.jpg;
741;SAUCE TOMATE AUX OLIVES 190G SACLA;Epicerie;;43.50;;50;5;00741.jpg;
742;SAUCE TOMATE BOLOGNAISE 37CL STAR;Epicerie;;13.50;;50;5;00742.jpg;
743;SAUCE TOMATE CUISINEE 3*200G SOLIS;Epicerie;;17.95;;50;5;00743.jpg;
744;SAUCE TOMATE CUISINEE 350G SOLIS;Epicerie;;11.90;;50;5;00744.jpg;
745;SAUCE TOMATE FRITE 580G HELIOS;Epicerie;;30.40;;50;5;00745.jpg;
746;SAUCE TOMATE ITALIENNE 37CL STAR;Epicerie;;13.50;;50;5;00746.jpg;
747;SAUCE TOMATE OLIVE ET BASILIC 37CL STAR;Epicerie;;13.50;;50;5;00747.jpg;
764;SOUPE AUX LENTILLES 60G IDEAL;Epicerie;;7.60;;50;5;00764.jpg;
766;SOUPE DE POISSONS 60G IDEAL;Epicerie;;7.60;;50;5;00766.jpg;
775;SPAGHETTI MAIS ET RIZ SANS GLUTEN 500G MONTE REGALE;Epicerie;;41.20;;50;5;00775.jpg;
776;SPAGHETTI N° 5 500G PANZANI;Epicerie;3038350335005;19.10;;50;5;00776.jpg;
780;SPAGHETTI N°3 500G BARILLA;Epicerie;13165409;26.95;;50;5;00780.jpg;
787;SPAGHETTI N°5 SANS GLUTEN 400G BARILLA;Epicerie;;65.10;;50;5;00787.jpg;
790;SPAGHETTI SANS GLUTEN 250G SCHAR;Epicerie;;24.95;;50;5;00790.jpg;
795;SWEET CHILI SAUCE 200ML EXOTIC FOOD;Epicerie;8853662003108;23.95;;50;5;00795.jpg;
797;TABASCO HABANERO SAUCE 60 ML;Epicerie;;35.95;;50;5;00797.jpg;
806;THON A L’HUILE 3*65G TAM;Epicerie;;36.60;;50;5;00806.jpg;
807;THON A L’HUILE 3*80G TAM;Epicerie;;28.90;;50;5;00807.jpg;
808;THON A L’HUILE DE TOURNESOL 3*80G TAMIMA;Epicerie;;33.20;;50;5;00808.jpg;
809;THON A L’HUILE VEGETALE 1700G KHAYRAT;Epicerie;;187.90;;50;5;00809.jpg;
810;THON A L’HUILE VEGETALE 3*80G ISABEL;Epicerie;;35.50;;50;5;00810.jpg;
811;THON A L’HUILE VEGETALE 3*80G LE P’TIT PECHEUR;Epicerie;;30.40;;50;5;00811.jpg;
812;THON A L’HUILE VEGETALE 3*80G MARIO;Epicerie;;32.95;;50;5;00812.jpg;
813;THON A L’HUILE VEGETALE 3*80G PESCADA;Epicerie;;30.20;;50;5;00813.jpg;
814;THON A L’HUILE VEGETALE 3*85G CARLE;Epicerie;;32.30;;50;5;00814.jpg;
815;THON A L’HUILE VEGETALE 400G TAM;Epicerie;;41.60;;50;5;00815.jpg;
816;THON A L’HUILE VEGETALE 6*80G PESCADA;Epicerie;;48.95;;50;5;00816.jpg;
817;THON A L’HUILE VEGETALE 80G ISABEL;Epicerie;;12.50;;50;5;00817.jpg;
818;THON A L’HUILE VEGETALE 80G PESCADA;Epicerie;;10.60;;50;5;00818.jpg;
819;THON A L’HUILE VEGETALE 80G TAM;Epicerie;;9.95;;50;5;00819.jpg;
820;THON A L’HUILE VEGETALE 8G LE P’TIT PECHEUR;Epicerie;;9.95;;50;5;00820.jpg;
822;THON A LA SAUCE TOMATE 125G JOLY;Epicerie;;16.50;;50;5;00822.jpg;
823;THON A LA SAUCE TOMATE 3*80G LE P’TIT PECHEUR;Epicerie;;29.60;;50;5;00823.jpg;
824;THON A LA SAUCE TOMATE 3*80G PESCADA;Epicerie;;30.20;;50;5;00824.jpg;
825;THON A LA SAUCE TOMATE 3*80G TAMIMA;Epicerie;;33.20;;50;5;00825.jpg;
826;THON A LA SAUCE TOMATE 3*85G CARLE;Epicerie;;32.30;;50;5;00826.jpg;
827;THON A LA SAUCE TOMATE 3*85G MARIO;Epicerie;;32.95;;50;5;00827.jpg;
828;THON A LA SAUCE TOMATE 80G PACK 3+1 GRATUIT LE P’TIT PECHEUR;Epicerie;;24.95;;50;5;00828.jpg;
829;THON A LA SAUCE TOMATE 80G PESCADA;Epicerie;;10.60;;50;5;00829.jpg;
830;THON A LA SAUCE TOMATE 80G TAMIMA;Epicerie;;11.50;;50;5;00830.jpg;
831;THON A LA SAUCE TOMATE 85G JOLY;Epicerie;;11.95;;50;5;00831.jpg;
836;THON ENTIER A L’HUILE 400G MARICA;Epicerie;;38.60;;50;5;00836.jpg;
837;THON ENTIER A L’HUILE 800G MARICA;Epicerie;;75.80;;50;5;00837.jpg;
838;THON ENTIER A L’HUILE D’OLIVE 160G TAM;Epicerie;;28.80;;50;5;00838.jpg;
839;THON ENTIER A L’HUILE D’OLIVE EXTRAVIERGE 3*80G LE SAVOUREUX CONNETABLE;Epicerie;;53.50;;50;5;00839.jpg;
840;THON ENTIER A L’HUILE DE TOURNESOL 80G TAMIMA;Epicerie;;11.50;;50;5;00840.jpg;
841;THON ENTIER A L’HUILE VEGETALE 1,7KG MARIO;Epicerie;;170.95;;50;5;00841.jpg;
842;THON ENTIER A L’HUILE VEGETALE 1,7KG TAMIMA;Epicerie;;182.90;;50;5;00842.jpg;
843;THON ENTIER A L’HUILE VEGETALE 125G JOLY;Epicerie;;17.50;;50;5;00843.jpg;
844;THON ENTIER A L’HUILE VEGETALE 165G TAM;Epicerie;;23.10;;50;5;00844.jpg;
845;THON ENTIER A L’HUILE VEGETALE 3*85G JOLY;Epicerie;;38.30;;50;5;00845.jpg;
846;THON ENTIER A L’HUILE VEGETALE 85G CARLE;Epicerie;;11.20;;50;5;00846.jpg;
847;THON ENTIER A L’HUILE VEGETALE 85G TAM;Epicerie;;11.90;;50;5;00847.jpg;
848;THON ENTIER A L’HUILE VEGETALE ET CITRON 85G JOLY;Epicerie;;12.90;;50;5;00848.jpg;
849;THON ENTIER A L’HUILE VEGETALE ET CTRON 3*85 JOLY;Epicerie;;38.30;;50;5;00849.jpg;
850;THON ENTIER A LA SAUCE PIQUANTE 3*80G PESCADA;Epicerie;;30.70;;50;5;00850.jpg;
851;THON ENTIER A LA SAUCE TOMATE 3*85G JOLY;Epicerie;;34.95;;50;5;00851.jpg;
854;THON HUILE VEGETALE 85G JOLY;Epicerie;;12.90;;50;5;00854.jpg;
855;THON HUILE VEGETALE AU CITRON 125G JOLY;Epicerie;;17.50;;50;5;00855.jpg;
858;THON SANDWICH A LA SAUCE TOMATE 125G JOLY;Epicerie;;11.95;;50;5;00858.jpg;
859;THON SANDWICH A LA SAUCE TOMATE 3*80G JOLY;Epicerie;;22.95;;50;5;00859.jpg;
860;THON SANDWICH A LA SAUCE TOMATE PIMENTEE 3*80G JOLY;Epicerie;;22.95;;50;5;00860.jpg;
861;THON SANDWICH SAUCE TOMATE 85G JOLY;Epicerie;;8.30;;50;5;00861.jpg;
862;THON SANDWICH SAUCE TOMATE PIMENTEE 80G JOLY;Epicerie;;8.30;;50;5;00862.jpg;
863;THON SAUCE TOMATE 80G PACK 5+1 GRATUIT ISABEL;Epicerie;;54.50;;50;5;00863.jpg;
874;VERMICELLE DE CHINE 100G KHAYRAT;Epicerie;;6.90;;50;5;00874.jpg;
878;VERMICELLE DE CHINE 250G KHAYRAT;Epicerie;;16.50;;50;5;00878.jpg;
879;VERMICELLE DE CHINE 500G KHAYRAT;Epicerie;;32.20;;50;5;00879.jpg;
880;VERMICELLE DE RIZ 125G JESSY’S;Epicerie;;9.10;;50;5;00880.jpg;
881;VERMICELLE DE RIZ 125G KHAYRAT;Epicerie;;12.70;;50;5;00881.jpg;
899;VINAIGRE DE RIZ 150ML CHAIN KWO;Epicerie;;11.50;;50;5;00899.jpg;
903;VINAIGRETTE AU MIEL ET A LA MOUTARDE 250ML KUHNE;Epicerie;;38.50;;50;5;00903.jpg;
918;225 MORCEAUX DE SUCRE 1KG ENMER;Biscuits & Confiserie;;6.15;;50;5;00918.jpg;
919;4 BARRES DE CHOCOLAT AU LAIT 40G KITKAT CHUNKY;Biscuits & Confiserie;3800020456224;29.95;;50;5;00919.jpg;
928;ASSORTIMENT DE CHOCOLATS 200G SELECTION DELAVIUDA;Biscuits & Confiserie;;92.95;;50;5;00928.jpg;
929;ASSORTIMENT DE CHOCOLATS SANS SUCRES AJOUTÉS 200G SELECTION DELAVIUDA;Biscuits & Confiserie;;95.95;;50;5;00929.jpg;
937;BARRE CROUSTILLANTE CHOCOLAT AU LAIT 18G NOOCO;Biscuits & Confiserie;;1.95;;50;5;00937.jpg;
938;BARRE MULTI-CEREALES AU CHOCOLAT AU LAIT 6*21G CEREALITALIA;Biscuits & Confiserie;;22.95;;50;5;00938.jpg;
940;BARRE MULTI-CEREALES AUX NOIX DE COCO ET CHOCOLAT 6*21G CEREALITALIA;Biscuits & Confiserie;;22.95;;50;5;00940.jpg;
948;BARRES DE CHOCOLAT KIT KAT 36G NESTLE;Biscuits & Confiserie;;6.95;;50;5;00948.jpg;
952;BEURRE DE CACAHUETES CRUNCHY SANS HUILE DE PALME 350G SANTE;Biscuits & Confiserie;;39.95;;50;5;00952.jpg;
953;BEURRE DE CACAHUETES SMOOTH SANS HUILE DE PALME 350G SANTE;Biscuits & Confiserie;;39.95;;50;5;00953.jpg;
955;BISCUIT & TABLETTE CHOCOLAT AU LAIT 55G NOOCO;Biscuits & Confiserie;;4.95;;50;5;00955.jpg;
956;BISCUIT & TABLETTE CHOCOLAT LAIT NOISETTE PACK 5*54G NOOCO;Biscuits & Confiserie;;23.95;;50;5;00956.jpg;
957;BISCUIT & TABLETTE CHOCOLAT NOISETTE 52G NOOCO;Biscuits & Confiserie;;4.95;;50;5;00957.jpg;
960;BISCUIT 2 PIECES DIGESTIVES CHOCOLAT NOIR MCVITIE’S;Biscuits & Confiserie;;4.95;;50;5;00960.jpg;
965;BISCUIT AU CHOCOLAT AU LAIT ET SPECULOOS 128G FILIPINOS;Biscuits & Confiserie;;22.95;;50;5;00965.jpg;
966;BISCUIT AU CHOCOLAT MOOD DARK 135G AMADA;Biscuits & Confiserie;;25.95;;50;5;00966.jpg;
967;BISCUIT CHOCO CHIP COOKIES SANS GLUTEN 200G SCHAR;Biscuits & Confiserie;;52.95;;50;5;00967.jpg;
968;BISCUIT CHOCOLAT & CANNELLE 47G SELENA GOMEZ OREO;Biscuits & Confiserie;;3.00;;50;5;00968.jpg;
969;BISCUIT CHOCOLAT & CANNELLE 6*47G PACK SELENA GOMEZ OREO;Biscuits & Confiserie;;17.50;;50;5;00969.jpg;
970;BISCUIT CHOCOLAT AU LAIT DIGESTIVE 2 PIECES MCVITIE’S;Biscuits & Confiserie;;4.95;;50;5;00970.jpg;
975;BISCUIT DIGESTIVE 400G MCVITIE’S;Biscuits & Confiserie;5000396037180;45.95;;50;5;00975.jpg;
976;BISCUIT DIGESTIVE CHOCOLAT NOIR 200G MCVITIE’S;Biscuits & Confiserie;;35.95;;50;5;00976.jpg;
979;BISCUIT DIGESTIVE SANS GLUTEN 150G SCHAR;Biscuits & Confiserie;;38.95;;50;5;00979.jpg;
980;BISCUIT ENROBE CHOCOLAT 44G CHOCO-CROK NOOCO;Biscuits & Confiserie;;2.95;;50;5;00980.jpg;
981;BISCUIT ENROBE CHOCOLAT PACK 5*44G CHOCO-CROK NOOCO;Biscuits & Confiserie;;14.95;;50;5;00981.jpg;
982;BISCUIT FOURRE A LA CREME 154G PINGO DOCE;Biscuits & Confiserie;;12.95;;50;5;00982.jpg;
983;BISCUIT FOURRE A LA CREME DE FRAISE 240G EL PRINCIO;Biscuits & Confiserie;;21.50;;50;5;00983.jpg;
984;BISCUIT FOURRE AL CREME VANILLE 240G EL PRINCIO;Biscuits & Confiserie;;21.50;;50;5;00984.jpg;
985;BISCUIT FOURRE CHOCOLAT & CREME 18G TRONKY KINDER;Biscuits & Confiserie;;4.60;;50;5;00985.jpg;
986;BISCUIT FOURRE CHOCOLAT & CREME 5*18G TRONKY KINDER;Biscuits & Confiserie;;22.95;;50;5;00986.jpg;
987;BISCUIT FOURRE CHOCOLAT PACK 10*38G CHOCOLETTE NOOCO;Biscuits & Confiserie;;19.95;;50;5;00987.jpg;
988;BISCUIT FOURRE CHOCOLAT PACK 5*35G NOOCO;Biscuits & Confiserie;;9.95;;50;5;00988.jpg;
989;BISCUIT FOURRE CREME NOISETTE PACK 5*34G NOOCO;Biscuits & Confiserie;;9.95;;50;5;00989.jpg;
990;BISCUIT GOUT CHOCOLAT 175G MINI BN;Biscuits & Confiserie;;36.95;;50;5;00990.jpg;
993;BISCUIT PICK UP! CHOCOLAT ET LAIT 28G BAHLSEN;Biscuits & Confiserie;;7.95;;50;5;00993.jpg;
994;BISCUIT QUADRATINI CHOCOLAT NOIR 125G LOACKER;Biscuits & Confiserie;;27.95;;50;5;00994.jpg;
996;BISCUIT SALE SANS GLUTEN 175G SCHAR;Biscuits & Confiserie;;54.95;;50;5;00996.jpg;
997;BISCUIT SANDWICH FOURRE AU CHOCOLAT BAHLSEN HIT;Biscuits & Confiserie;5901414200411;27.50;;50;5;00997.jpg;
998;BISCUIT SANDWICH FOURRE CHOCOLAT 34G NOOCO;Biscuits & Confiserie;;1.95;;50;5;00998.jpg;
999;BISCUIT SANDWICH FOURRE CREME NOISETTE 34G NOOCO;Biscuits & Confiserie;;1.95;;50;5;00999.jpg;
1001;BISCUIT SANDWICH ROUNDY CHOCOLAT PACK 5*45G TOBIGO;Biscuits & Confiserie;;9.95;;50;5;01001.jpg;
1003;BISCUIT TORTINA CHOCOLAT NOIR 125G LOACKER;Biscuits & Confiserie;;49.95;;50;5;01003.jpg;
1005;BISCUITS AU CHOCOLAT MOOD 135G AMADA;Biscuits & Confiserie;;25.95;;50;5;01005.jpg;
1006;BISCUITS FOURRES AU CHOCOLAT;Biscuits & Confiserie;3229820181950;37.95;;50;5;01006.jpg;
1007;BISCUITS FOURRES CHOCOLAT AU LAIT 16 UNITES BN;Biscuits & Confiserie;;34.95;;50;5;01007.jpg;
1009;BISCUITS SALES CLUBS PARTY CRACKER 150G LORENZ;Biscuits & Confiserie;;19.95;;50;5;01009.jpg;
1010;BISCUITS TOPPERS CHOCOLAT LAIT NOISETTE 5*35G PACK PICKERS;Biscuits & Confiserie;;19.95;;50;5;01010.jpg;
1011;BISCUITS TOPPERS CHOCOLAT NOIR NOISETTE 5*35G PACK PICKERS;Biscuits & Confiserie;;19.95;;50;5;01011.jpg;
1018;BONBON FRAISE 33G THEATRO;Biscuits & Confiserie;;4.70;;50;5;01018.jpg;
1019;BONBON REGLISSE SANS SUCRE SACHET 70G DIETORELLE;Biscuits & Confiserie;;28.50;;50;5;01019.jpg;
1026;BONBONS GLACONS MENTHE CLAIRE 124G LA PIE QUI CHANTE;Biscuits & Confiserie;;30.95;;50;5;01026.jpg;
1029;BONBONS MENTHE 16G TIC TAC;Biscuits & Confiserie;;5.95;;50;5;01029.jpg;
1030;BONBONS MENTHE 38G MENTOS;Biscuits & Confiserie;;7.95;;50;5;01030.jpg;
1031;BONBONS MINT SANS SUCRE SACHET 70G DIETORELLE;Biscuits & Confiserie;;28.50;;50;5;01031.jpg;
1034;BONBONS SANS SUCRE MENTAL BLANC;Biscuits & Confiserie;;10.95;;50;5;01034.jpg;
1043;BOUCHEES DE PAIN SAVEUR TOMATE, OLIVES & ORIGAN 70G MARETTI;Biscuits & Confiserie;;11.95;;50;5;01043.jpg;
1046;Cacahuète au miel et sel 75g – EAGLE;Biscuits & Confiserie;;18.95;;50;5;01046.jpg;
1074;CAFE HOUSE BLEND LUNGO INTENSITE 8 BOITE 10 CAPSULES STARBUCKS BY NESPRESSO;Biscuits & Confiserie;;62.95;;50;5;01074.jpg;
1077;CAFE MOULU 180G SAMAR;Biscuits & Confiserie;;37.95;;50;5;01077.jpg;
1078;CAFE MOULU 200G CARTE NOIRE;Biscuits & Confiserie;;56.50;;50;5;01078.jpg;
1079;CAFE MOULU 200G DIAMANT NOIR;Biscuits & Confiserie;;39.80;;50;5;01079.jpg;
1083;CAFE MOULU CREMA E GUSTO 250G LAVAZZA;Biscuits & Confiserie;;91.50;;50;5;01083.jpg;
1084;CAFE MOULU EPICE 200G ASTA (GRATUIT 25% INTEGRE);Biscuits & Confiserie;;31.50;;50;5;01084.jpg;
1085;CAFE MOULU FORCE 200G ASTA;Biscuits & Confiserie;;28.50;;50;5;01085.jpg;
1086;CAFE MOULU INVITATION 200G MONDIAL;Biscuits & Confiserie;;28.90;;50;5;01086.jpg;
1087;CAFE MOULU MATINO 250G LAVAZZA;Biscuits & Confiserie;;78.10;;50;5;01087.jpg;
1089;CAFE MOULU ORO 250G LAVAZZA;Biscuits & Confiserie;;103.50;;50;5;01089.jpg;
1090;CAFE MOULU PACK DUO 2*200G ASTA FORCE;Biscuits & Confiserie;;50.95;;50;5;01090.jpg;
1091;CAFE MOULU PARFUME RESTIGE 200G ASTA;Biscuits & Confiserie;;30.50;;50;5;01091.jpg;
1092;CAFE MOULU ROSSA MOULU 250G LAVAZZA;Biscuits & Confiserie;;91.80;;50;5;01092.jpg;
1093;CAFE MOULU TONIQUE 200G ASTA;Biscuits & Confiserie;;29.90;;50;5;01093.jpg;
1101;CAFE SOLUBLE ESPRESSO 100G NESCAFE GOLD;Biscuits & Confiserie;;68.95;;50;5;01101.jpg;
1110;CEREALES AU CHOCOLAT 500G BIO BJORG;Biscuits & Confiserie;;92.50;;50;5;01110.jpg;
1111;CEREALES AU GOUT CARAMEL FOURREES AU CHOCOLAT LION WILD 410G NESTLE;Biscuits & Confiserie;;52.95;;50;5;01111.jpg;
1114;CEREALES BOULES DE CHOCOLAT 1KG CEREALITALIA;Biscuits & Confiserie;;39.95;;50;5;01114.jpg;
1115;CEREALES BOULES DE CHOCOLAT 375G PINGO DOCE;Biscuits & Confiserie;;29.95;;50;5;01115.jpg;
1117;CEREALES CHEERIOS 375G NESTLE;Biscuits & Confiserie;3387390331523;43.95;;50;5;01117.jpg;
1118;CEREALES CHOCAPIC 375G NESTLE;Biscuits & Confiserie;7613036669146;45.95;;50;5;01118.jpg;
1122;CEREALES FITNESS 375G NESTLE;Biscuits & Confiserie;7613031443338;46.95;;50;5;01122.jpg;
1123;CEREALES FITNESS CHOCOLAT 375G NESTLE;Biscuits & Confiserie;7613031443338;51.95;;50;5;01123.jpg;
1128;CEREALES INFANTILES AU MIEL 250G CERELAC;Biscuits & Confiserie;;30.00;;50;5;01128.jpg;
1161;CHIPS AU SEL 130G LAYS;Biscuits & Confiserie;;21.50;;50;5;01161.jpg;
1162;CHIPS AU SEL 97G LAY’S;Biscuits & Confiserie;;17.50;;50;5;01162.jpg;
1165;CHIPS FROMAGE & OIGNONS 90G LEADER CHIPS;Biscuits & Confiserie;;10.95;;50;5;01165.jpg;
1168;CHIPS LONGUES SAVEUR CREME AIGRE ET OIGNON 75G LONG CHIPS;Biscuits & Confiserie;;19.95;;50;5;01168.jpg;
1169;CHIPS LONGUES SAVEUR FROMAGE 75G LONG CHIPS;Biscuits & Confiserie;;19.95;;50;5;01169.jpg;
1171;CHIPS ONDULEES PAYSANNES AU SEL DE GUERANDE 125G BRETS;Biscuits & Confiserie;;29.95;;50;5;01171.jpg;
1182;CHIPS SAVEUR FROMAGE DE JURA 125G BRETS;Biscuits & Confiserie;;29.95;;50;5;01182.jpg;
1186;CHIPS STICKS PALITOS SAVEUR FROMAGE ET KETCHUP 27G CHEETOS;Biscuits & Confiserie;;4.95;;50;5;01186.jpg;
1191;CHOCOLAT 200G FERRERO ROCHER;Biscuits & Confiserie;3017621815002;71.95;;50;5;01191.jpg;
1202;CHOCOLAT AU LAIT 100G RITTER SPORT;Biscuits & Confiserie;;36.50;;50;5;01202.jpg;
1203;CHOCOLAT AU LAIT DES ALPES 100G RITTER SPORT;Biscuits & Confiserie;;36.50;;50;5;01203.jpg;
1204;CHOCOLAT AU LAIT ET AUX ECLATS DE NOISETTES 100G DELICE AIGUEBELLE;Biscuits & Confiserie;;11.50;;50;5;01204.jpg;
1205;CHOCOLAT AU LAIT EXTRA CREAMY 35G LINDT EXCELLENCE;Biscuits & Confiserie;;22.95;;50;5;01205.jpg;
1208;CHOCOLAT CARAMEL BEURRE SALE 100G LINDT EXCELLENCE;Biscuits & Confiserie;;49.95;;50;5;01208.jpg;
1218;CHOCOLAT LAIT 190G AIGUEBELLE;Biscuits & Confiserie;;31.95;;50;5;01218.jpg;
1219;CHOCOLAT LAIT 6G MINI CRISPY NOOCO;Biscuits & Confiserie;;1.00;;50;5;01219.jpg;
1220;CHOCOLAT LAIT CREMEUX 9G NOOCO;Biscuits & Confiserie;;1.00;;50;5;01220.jpg;
1221;CHOCOLAT LAIT EXTRA CREMEUX 100G LINDT EXCELLENCE;Biscuits & Confiserie;;57.95;;50;5;01221.jpg;
1222;CHOCOLAT LENTILLES 50G SWEETIES AIGUEBELLE;Biscuits & Confiserie;;6.00;;50;5;01222.jpg;
1223;CHOCOLAT LINDOR LAIT 100G LINDT;Biscuits & Confiserie;;43.95;;50;5;01223.jpg;
1248;CHOCOLAT POUDRE 250G NESQUIK PLUS;Biscuits & Confiserie;;28.95;;50;5;01248.jpg;
1253;CHOCOLAT PRALY CAFE 25G AIGUEBELLE;Biscuits & Confiserie;;3.20;;50;5;01253.jpg;
1258;CHOCOLAT SWISS CLASSIC AU LAIT 100G LINDT;Biscuits & Confiserie;;48.95;;50;5;01258.jpg;
1261;CHOCOLAT SWISS CLASSIC LAIT AMANDES 100G LINDT;Biscuits & Confiserie;;54.50;;50;5;01261.jpg;
1262;CHOCOLAT SWISS CLASSIC LAIT NOISETTES 100G LINDT;Biscuits & Confiserie;;54.50;;50;5;01262.jpg;
1263;CHOCOLAT SWISS CLASSIC LAIT RAISINS & NOISETTES 100G LINDT;Biscuits & Confiserie;;54.50;;50;5;01263.jpg;
1266;CHOCOLAT TABLETTE CARAMEL CREME 100G MILKA;Biscuits & Confiserie;;14.95;;50;5;01266.jpg;
1267;CHOCOLAT TABLETTE LAIT SUPREME 100G TENTATION;Biscuits & Confiserie;;23.95;;50;5;01267.jpg;
1279;CONFITURE 4 FRUITS SANS SUCRE 284G ST DALFOUR;Biscuits & Confiserie;;53.95;;50;5;01279.jpg;
1289;CONFITURE ANANAS SUCRE REDUIT 280G LOWICZ;Biscuits & Confiserie;;32.95;;50;5;01289.jpg;
1290;CONFITURE CASSIS SUCRE REDUIT 280G LOWICZ;Biscuits & Confiserie;;32.95;;50;5;01290.jpg;
1291;CONFITURE CERISE NOIRE SANS SUCRE 284G ST DALFOUR;Biscuits & Confiserie;;53.95;;50;5;01291.jpg;
1292;CONFITURE CERISE SUCRE REDUIT 280G LOWICZ;Biscuits & Confiserie;;32.95;;50;5;01292.jpg;
1295;CONFITURE D’ABRICOTS 370G BONNE MAMAN;Biscuits & Confiserie;3608580745358;52.95;;50;5;01295.jpg;
1302;CONFITURE D’ORANGES AVEC ECORCES SANS SUCRES 284G ST DALFOUR;Biscuits & Confiserie;;53.95;;50;5;01302.jpg;
1303;CONFITURE DABRICOTS SANS SUCRE 284G ST DALFOUR;Biscuits & Confiserie;;53.95;;50;5;01303.jpg;
1304;CONFITURE DE CASSIS SANS SUCRE 284G ST DALFOUR;Biscuits & Confiserie;;53.95;;50;5;01304.jpg;
1309;CONFITURE DE FIGUES SANS SUCRE 284G ST DALFOUR;Biscuits & Confiserie;;53.95;;50;5;01309.jpg;
1310;CONFITURE DE FRAISES 1KG AICHA;Biscuits & Confiserie;;32.95;;50;5;01310.jpg;
1313;CONFITURE DE FRAISES SANS SUCRE 284G ST DALFOUR;Biscuits & Confiserie;;53.95;;50;5;01313.jpg;
1314;CONFITURE DE FRAMBOISES SANS SUCRE 284G ST DALFOUR;Biscuits & Confiserie;;53.95;;50;5;01314.jpg;
1317;CONFITURE DE MYRTILLES SANS SUCRE 284G ST DALFOUR;Biscuits & Confiserie;;53.95;;50;5;01317.jpg;
1323;CONFITURE DIPOMEE 1KG AICHA;Biscuits & Confiserie;;35.95;;50;5;01323.jpg;
1335;CONFITURE KIWI ET GROSEILLE SUCRE REDUIT 280G LOWICZ;Biscuits & Confiserie;;32.95;;50;5;01335.jpg;
1340;CONFITURE MANGUE ET FRUITS DE LA PASSION SANS SUCRE 284G ST DALFOUR;Biscuits & Confiserie;;53.95;;50;5;01340.jpg;
1341;CONFITURE MURE SANS SUCRE 284G ST DALFOUR;Biscuits & Confiserie;;53.95;;50;5;01341.jpg;
1345;CONFITURE ORANGE ET GINGEMBRE SANS SUCRE 284G ST DALFOUR;Biscuits & Confiserie;;53.95;;50;5;01345.jpg;
1346;CONFITURE PECHE SUCRE REDUIT 280G LOWICZ;Biscuits & Confiserie;;32.95;;50;5;01346.jpg;
1347;CONFITURE POMME ET CANNELLE SANS SUCRE 284G ST DALFOUR;Biscuits & Confiserie;;53.95;;50;5;01347.jpg;
1352;COOKIES A L’AVOINE SANS SUCRE CHOCOLAT CHIP 150G D’LITE;Biscuits & Confiserie;;37.95;;50;5;01352.jpg;
1362;CREME PATISSIERE AU CHOCOLAT 200G IDEAL;Biscuits & Confiserie;;9.50;;50;5;01362.jpg;
1363;CREME PATISSIERE AU CITRON 200G IDEAL;Biscuits & Confiserie;;9.50;;50;5;01363.jpg;
1390;ENROBAGE SUCRE CHOCOLATE BLANC 5 SUR 5 900G AIGUEBELLE;Biscuits & Confiserie;;30.95;;50;5;01390.jpg;
1391;ENROBAGE SUCRE CHOCOLATE NOIR 1KG MACAO;Biscuits & Confiserie;;39.95;;50;5;01391.jpg;
1398;FLAN SUCRE CHOCOLAT ALSA;Biscuits & Confiserie;;4.50;;50;5;01398.jpg;
1407;FLOCONS DE CEREALES AU MIEL 750G PINGO DOCE;Biscuits & Confiserie;;69.95;;50;5;01407.jpg;
1410;GATEAU CACAO FOURRE AU LAIT 10 UNITES X 39G KINDER DELICE;Biscuits & Confiserie;;65.30;;50;5;01410.jpg;
1414;GAUFRETTE VANILLE QUADRATINI;Biscuits & Confiserie;8000380005949;27.95;;50;5;01414.jpg;
1458;LAIT CONCENTRE NON SUCRE 170G PURISIMA;Biscuits & Confiserie;;12.95;;50;5;01458.jpg;
1459;LAIT CONCENTRE NON SUCRE 410G PURISIMA;Biscuits & Confiserie;;21.95;;50;5;01459.jpg;
1461;LAIT CONCENTRE SUCRE 370G DADISOL;Biscuits & Confiserie;;20.95;;50;5;01461.jpg;
1462;LAIT CONCENTRE SUCRE CARAMELISE 397G NESTLE;Biscuits & Confiserie;;31.95;;50;5;01462.jpg;
1463;LAIT CONCENTRE SUCRE NATURE 397G NESTLE;Biscuits & Confiserie;;28.00;;50;5;01463.jpg;
1466;LAIT D’AMANDE CHOCOLAT BIO 1L BJORG;Biscuits & Confiserie;;70.95;;50;5;01466.jpg;
1468;LAIT D’AMANDE SANS SUCRES 1L BJORG;Biscuits & Confiserie;;54.95;;50;5;01468.jpg;
1475;LINGOT NOIR SUCRE CHOCOLATE 900G MACAO;Biscuits & Confiserie;;28.50;;50;5;01475.jpg;
1476;LIPTON THE NOIR 25 SACHETS;Biscuits & Confiserie;8717163934838;15.95;;50;5;01476.jpg;
1479;LOT DE 2 CAFES MOULUS CREMA E GUSTO 250G LAVAZZA;Biscuits & Confiserie;;129.95;;50;5;01479.jpg;
1480;LOT DE 2 CAFES MOULUS JAVA TIMOR 200G LES CAFES DUBOIS;Biscuits & Confiserie;;84.95;;50;5;01480.jpg;
1506;MAIS FROMAGE 85G CONIKOS;Biscuits & Confiserie;;9.95;;50;5;01506.jpg;
1526;MIEL EUCALYPTUS SEAU PLASTIQUE 2,5KG ACHIFAA;Biscuits & Confiserie;;226.95;;50;5;01526.jpg;
1535;MIEL MULTIFLEURS SEAU PLASTIQUE 4,5KG ACHIFAA;Biscuits & Confiserie;;333.95;;50;5;01535.jpg;
1542;MIEL PUR TARTIMIEL 250G LUNE DE MIEL;Biscuits & Confiserie;;75.95;;50;5;01542.jpg;
1543;MIEL SEAU PLASTIQUE 4,4KG DIVA;Biscuits & Confiserie;;335.95;;50;5;01543.jpg;
1548;MINI BISCUIT AU CHOCOLAT 100G LEIBNIZ;Biscuits & Confiserie;;19.50;;50;5;01548.jpg;
1549;MINI BISCUITS FOURRES AU CHOCOLAT AU LAIT 210G PINGO DOCE;Biscuits & Confiserie;;15.95;;50;5;01549.jpg;
1551;MINI GAUFRETTES SANS SUCRE CACAO 125G LAGO;Biscuits & Confiserie;;17.95;;50;5;01551.jpg;
1552;MINI LINGOT BLANC SUCRE CHOCOLATE 450G MACAO;Biscuits & Confiserie;;16.95;;50;5;01552.jpg;
1563;MOUSSE CHOCOLAT 100G IDEAL;Biscuits & Confiserie;;14.95;;50;5;01563.jpg;
1574;NESQUIK CEREALES ALPHABET 335G NESTLE;Biscuits & Confiserie;;41.95;;50;5;01574.jpg;
1606;PERE NOEL CHOCOLAT AU LAIT 125G LINDT;Biscuits & Confiserie;;76.95;;50;5;01606.jpg;
1607;PETALES DE CEREALES AU CHOCOLAT PAW PATROL 300G DOLCI PREZIOSI;Biscuits & Confiserie;;25.95;;50;5;01607.jpg;
1608;PETALES DE CEREALES AU CHOCOLAT PRINCESS 300G DOLCI PREZIOSI;Biscuits & Confiserie;;25.95;;50;5;01608.jpg;
1616;PREPARATION A BASE DE SUCRE ET DE GLUCOSE 1KG LARENA;Biscuits & Confiserie;;23.95;;50;5;01616.jpg;
1618;PREPARATION EN POUDRE POUR BOISSON AU CACAO 100G CHOCAO IDEAL;Biscuits & Confiserie;;5.25;;50;5;01618.jpg;
1650;STEVIA EN MORCEAUX 252G SUCREVIA;Biscuits & Confiserie;;115.95;;50;5;01650.jpg;
1656;SUCRE CHOCOLATE BLANC 5 SUR 5 450G AIGUEBELLE;Biscuits & Confiserie;;15.95;;50;5;01656.jpg;
1657;SUCRE CHOCOLATE NOIR 5 SUR 5 NOIR 450G AIGUEBELLE;Biscuits & Confiserie;;15.95;;50;5;01657.jpg;
1658;SUCRE CHOCOLATE NOIR 5 SUR 5 NOIR 900G AIGUEBELLE;Biscuits & Confiserie;;30.95;;50;5;01658.jpg;
1663;SUCRE EN MORCEAUX 1KG SUKARI;Biscuits & Confiserie;;10.00;;50;5;01663.jpg;
1664;SUCRE EN MORCEAUX A L’EXTRAIT DE STEVIA 315G SUCRE LIGHT;Biscuits & Confiserie;;23.20;;50;5;01664.jpg;
1671;SUCRE ROUX CASSONADE 1KG SAINT LOUIS;Biscuits & Confiserie;3220035230211;54.20;;50;5;01671.jpg;
1672;SUCRE SEMOULE BLANC 1 KG SUKARI;Biscuits & Confiserie;;11.00;;50;5;01672.jpg;
1676;TABLETTE CHOCOLAT LAIT CORNE DE GAZELLE 80G NOOCO;Biscuits & Confiserie;;18.95;;50;5;01676.jpg;
1677;TABLETTE CHOCOLAT LAIT CRISPY 80G NOOCO;Biscuits & Confiserie;;11.95;;50;5;01677.jpg;
1678;TABLETTE CHOCOLAT LAIT PISTACHE KUNAFA 95G NOOCO;Biscuits & Confiserie;;18.95;;50;5;01678.jpg;
1684;THE NOIR 100 SACHETS LIPTON;Biscuits & Confiserie;8711200570522;56.95;;50;5;01684.jpg;
1709;THE VERT EN GRAINS GUNPOWDER 3505 200G ARRIZK;Biscuits & Confiserie;;15.95;;50;5;01709.jpg;
1730;VERMICELLE CHOCOLAT MA PATISSIERE 250G AIGUEBELLE;Biscuits & Confiserie;;15.95;;50;5;01730.jpg;
1733;Eau minérale gazeuse 1L – AÏN SOLTANE;Boissons;;5.00;;50;5;01733.jpg;
1736;Pack 6 canettes boissons gazeuses 25cl – COCA-COLA;Boissons;;21.95;;50;5;01736.jpg;
1743;BOISSON A L’ORANGE FRUT 1L MARRAKECH;Boissons;;5.75;;50;5;01743.jpg;
1744;BOISSON A LA PULPE D’ORANGE 1L AL BOUSTANE;Boissons;;7.90;;50;5;01744.jpg;
1745;BOISSON A LA PULPE D’ORANGE 1L JUTOS JAOUDA;Boissons;;9.80;;50;5;01745.jpg;
1746;BOISSON A LA PULPE DE FRUITS COCKTAIL 1L JUTOS JAOUDA;Boissons;;9.80;;50;5;01746.jpg;
1748;BOISSON ANANAS DES TROPIQUES 1L MARRAKECH;Boissons;;15.50;;50;5;01748.jpg;
1749;BOISSON COCKTAIL 1L JUTOS;Boissons;;8.50;;50;5;01749.jpg;
1755;BOISSON ENERGETIQUE SANS SUCRE 25CL RED BULL;Boissons;;21.50;;50;5;01755.jpg;
1756;BOISSON ENERGISANTE BLUE 25CL BOMBA;Boissons;;25.95;;50;5;01756.jpg;
1765;BOISSON GAZEUSE AU JUS NATUREL DE PAMPLEMOUSSE ROSE 200ML LE TRIBUTE;Boissons;;26.95;;50;5;01765.jpg;
1767;BOISSON JUPER ORANGE 1L VALENCIA;Boissons;;6.95;;50;5;01767.jpg;
1768;BOISSON JUTOS COCKTAIL 6*20CL PACK JAOUDA;Boissons;;9.95;;50;5;01768.jpg;
1769;BOISSON JUTOS ORANGE 6*20CL PACK JAOUDA;Boissons;;9.95;;50;5;01769.jpg;
1771;BOISSON MOJITO 1L AL BOUSTANE;Boissons;;10.95;;50;5;01771.jpg;
1772;BOISSON ORANGE 1L FORTY;Boissons;;8.50;;50;5;01772.jpg;
1773;BOISSON ORANGE 1L JUTOS;Boissons;;8.50;;50;5;01773.jpg;
1777;BOISSON PECHE DE LA MEDITERRANEE 1L MARRAKECH;Boissons;;16.50;;50;5;01777.jpg;
1780;BOISSON TROPICAL 1L JUPER VALENCIA;Boissons;;6.95;;50;5;01780.jpg;
1791;COCA COLA ZERO SUCRE 1L;Boissons;;8.00;;50;5;01791.jpg;
1792;COCA COLA ZERO SUCRE 33CL;Boissons;;8.40;;50;5;01792.jpg;
1793;COCA COLA ZERO SUCRE 50CL;Boissons;;5.50;;50;5;01793.jpg;
1809;EAU GAZEUSE 1L OULMES;Boissons;;6.50;;50;5;01809.jpg;
1813;EAU GAZEUSE LEGERE 1L OULMES;Boissons;;6.50;;50;5;01813.jpg;
1815;EAU GAZEUSE PET 1L SANPELLEGRINO;Boissons;;25.50;;50;5;01815.jpg;
1821;EAU MINERALE 50CL VITTEL;Boissons;3048431001958;15.50;;50;5;01821.jpg;
1822;EAU MINERALE 75CL MONDARIZ;Boissons;;13.95;;50;5;01822.jpg;
1824;EAU MINERALE BARCELONA 1L VICHY;Boissons;;18.95;;50;5;01824.jpg;
1826;EAU MINERALE GAZEUSE 1L AIN SOLTANE;Boissons;;6.20;;50;5;01826.jpg;
1834;EAU MINERALE NATURELLE 0,5L MONDARIZ;Boissons;;4.50;;50;5;01834.jpg;
1839;EAU MINERALE NATURELLE 1,5L MONDARIZ;Boissons;;7.00;;50;5;01839.jpg;
1843;EAU MINERALE NATURELLE 1L EVIAN;Boissons;3068320080000;21.95;;50;5;01843.jpg;
1844;EAU MINERALE NATURELLE 1L SIDI ALI;Boissons;;4.50;;50;5;01844.jpg;
1853;EAU MINERALE NATURELLE 33CL MONDARIZ;Boissons;;3.00;;50;5;01853.jpg;
1870;EAU MINERALE NATURELLE GAZEUSE 75CL MONDARIZ;Boissons;;13.95;;50;5;01870.jpg;
1871;EAU MINERALE NATURELLE GAZEUSE VERRE 33CL MONDARIZ;Boissons;;9.95;;50;5;01871.jpg;
1911;JUS ABRICOT 1L FRESH PREMIUM;Boissons;;20.45;;50;5;01911.jpg;
1912;JUS ANANAS COCO 1L JUVER DISFRUTA;Boissons;;21.80;;50;5;01912.jpg;
1913;JUS CERISE 1L FRESH PREMIUM;Boissons;;20.45;;50;5;01913.jpg;
1914;JUS DE FRUITS COCKTAIL TROPICAL 1L MARRAKECH;Boissons;;15.50;;50;5;01914.jpg;
1915;JUS DE FRUITS MANGUE DES ILES 1L MARRAKECH;Boissons;;15.50;;50;5;01915.jpg;
1916;JUS DE GRENADE 1L FRESH PREMIUM;Boissons;;20.45;;50;5;01916.jpg;
1917;JUS FRUITS ROUGES 1L FRESH PREMIUM;Boissons;;20.45;;50;5;01917.jpg;
1918;JUVER NECTAR ORANGE SANS SUCRE 200ML;Boissons;;5.30;;50;5;01918.jpg;
1937;Nectar 1L divers arômes – FRÉX;Boissons;;16.95;;50;5;01937.jpg;
1938;NECTAR ACTIFRUITS FRAISE FRUITS ROUGES 1L AL BOUSTANE;Boissons;;13.50;;50;5;01938.jpg;
1939;NECTAR ACTIFRUITS GRENADE 1L AL BOUSTANE;Boissons;;17.90;;50;5;01939.jpg;
1940;NECTAR ANANAS 1 L PRESS’UP JAOUDA;Boissons;6111242107830;12.90;;50;5;01940.jpg;
1941;NECTAR ANANAS 1L AL BOUSTANE;Boissons;;12.95;;50;5;01941.jpg;
1942;NECTAR ANANAS 1L MIDO;Boissons;;15.95;;50;5;01942.jpg;
1946;NECTAR ANANAS SANS SUCRE 1L JUVER DISFRUTA;Boissons;;18.60;;50;5;01946.jpg;
1947;NECTAR ANANAS SANS SUCRE 200ML JUVER DISFRUTA;Boissons;;5.50;;50;5;01947.jpg;
1949;NECTAR CITRON GINGEMBRE 1L VALENCIA ESSENTIEL;Boissons;;14.95;;50;5;01949.jpg;
1950;NECTAR COCKTAIL DE FRUITS 1L AL BOUSTANE;Boissons;;11.75;;50;5;01950.jpg;
1951;NECTAR COCKTAIL DE FRUITS 1L MIDO;Boissons;;15.95;;50;5;01951.jpg;
1952;NECTAR FRAISE BANANE 1L PREMIUM FRESH;Boissons;;19.90;;50;5;01952.jpg;
1953;NECTAR FRUITS ROUGES SANS SUCRE 1L JUVER DISFRUTA;Boissons;;19.60;;50;5;01953.jpg;
1956;NECTAR MANGUE 1L AL BOUSTANE;Boissons;;14.50;;50;5;01956.jpg;
1957;NECTAR MANGUE 1L FRESH PREMIUM;Boissons;;19.90;;50;5;01957.jpg;
1959;NECTAR MANGUE 1L MIDO;Boissons;;15.95;;50;5;01959.jpg;
1960;NECTAR MANGUE 1L PRESS UP JAOUDA;Boissons;;11.50;;50;5;01960.jpg;
1969;NECTAR ORANGE 1L MIDO;Boissons;;15.95;;50;5;01969.jpg;
1970;NECTAR ORANGE 1L PRESS UP JAOUDA;Boissons;;12.80;;50;5;01970.jpg;
1974;NECTAR ORANGE SANS SUCRE 1L JUVER DISFRUTA;Boissons;;18.90;;50;5;01974.jpg;
1975;NECTAR ORANGE SANS SUCRE 2L JUVER DISFRUTA;Boissons;;28.50;;50;5;01975.jpg;
1979;NECTAR PECHE 1L MIDO;Boissons;;15.95;;50;5;01979.jpg;
1980;NECTAR PECHE 1L PRESS UP JAOUDA;Boissons;;9.95;;50;5;01980.jpg;
1982;NECTAR PECHE SANS SUCRE 1L JUVER DISFRUTA;Boissons;;16.20;;50;5;01982.jpg;
1983;NECTAR PECHE SANS SUCRE 200ML JUVER;Boissons;;4.80;;50;5;01983.jpg;
1985;NECTAR POIRE 1L PRESS’UP JAOUDA;Boissons;;12.90;;50;5;01985.jpg;
1986;NECTAR POIRE ANANAS SANS SUCRE 200ML JUVER;Boissons;;4.90;;50;5;01986.jpg;
1987;NECTAR POMME 1L PRESS’UP JAOUDA;Boissons;;9.95;;50;5;01987.jpg;
1988;NECTAR POMME SANS SUCRE 200ML JUVER;Boissons;;5.10;;50;5;01988.jpg;
1991;NECTAR TROPICAL SANS SUCRE 1L JUVER DISFRUTA;Boissons;;17.30;;50;5;01991.jpg;
1992;NECTAR TROPICAL SANS SUCRE 200ML DISFRUTA JUVER;Boissons;;5.50;;50;5;01992.jpg;
2000;PACK DE 4 BOISSONS GAZEUSES 1L 7UP/PEPSI/MIRINDA (3 ACHETES = 1 GRATUIT);Boissons;;19.50;;50;5;02000.jpg;
2013;PUR JUS 100% ORANGE 1L PRESS’UP JAOUDA;Boissons;;16.95;;50;5;02013.jpg;
2029;SIROP DE SUCRE AROME GRENADINE 1 L DUVAL;Boissons;6111170000029;35.95;;50;5;02029.jpg;
2031;SIROP DE SUCRE AROME MENTHE 1L DUVAL;Boissons;;35.95;;50;5;02031.jpg;
2032;SIROP DE SUCRE AROME MENTHE 75CL DUVAL;Boissons;;22.50;;50;5;02032.jpg;
2047;BEURRE 1 KG CENTRALE;Cremerie;;83.95;;50;5;02047.jpg;
2048;BEURRE 1KG JAOUDA;Cremerie;;99.95;;50;5;02048.jpg;
2050;BEURRE 200G DEMI SEL PRESIDENT;Cremerie;;53.90;;50;5;02050.jpg;
2053;BEURRE DEMI SEL 200G ELLE&VIRE;Cremerie;;59.95;;50;5;02053.jpg;
2059;BEURRE FRAIS PASTEURISE 200 G JAOUDA;Cremerie;;20.95;;50;5;02059.jpg;
2060;BEURRE FRAIS PASTEURISE PLAQUETTE 100G JAOUDA;Cremerie;;10.95;;50;5;02060.jpg;
2061;BEURRE LA MOTTE AUX CRISTAUX DE SEL 250G PRESIDENT;Cremerie;;71.95;;50;5;02061.jpg;
2062;BEURRE LA MOTTE DEMI-SEL 250G PRESIDENT;Cremerie;;71.95;;50;5;02062.jpg;
2065;BEURRE MARQUIS DEMI SEL 200G ELLE&VIRE;Cremerie;;22.50;;50;5;02065.jpg;
2067;BEURRE PASTEURISE 500G JAOUDA;Cremerie;;52.95;;50;5;02067.jpg;
2069;BEURRE PLAQUETTE 200G LURPAK;Cremerie;;38.50;;50;5;02069.jpg;
2070;BEURRE PLAQUETTE 400G LURPAK;Cremerie;;72.95;;50;5;02070.jpg;
2072;BOISSON AU SOJA ET CHOCOLAT 1L SOJASUN;Cremerie;;39.95;;50;5;02072.jpg;
2075;BOISSON DE RIZ AU CACAO BIO SANS GLUTEN 1L SCOTTI;Cremerie;;25.50;;50;5;02075.jpg;
2076;BOISSON DE RIZ BIO SANS GLUTEN 1L SCOTTI;Cremerie;;24.50;;50;5;02076.jpg;
2084;CREME DE CUISSON LEGERE 18% M.G 200ML JAOUDA;Cremerie;;12.95;;50;5;02084.jpg;
2085;CREME DE CUISSON LEGERE 18% MG SANS GLUTEN 1L JAOUDA;Cremerie;;44.95;;50;5;02085.jpg;
2086;CREME DESSERT AU CHOCOLAT 4*125G REINA;Cremerie;;21.95;;50;5;02086.jpg;
2087;CREME DESSERT AVEC BISCUIT 4*125G PACK REINA;Cremerie;;24.95;;50;5;02087.jpg;
2090;CREME DESSERT CHOCOLAT 100G ELLE&VIRE;Cremerie;;8.95;;50;5;02090.jpg;
2091;CREME DESSERT DANETTE CARAMEL 12*80G PACK DANONE;Cremerie;;24.95;;50;5;02091.jpg;
2092;CREME DESSERT DANETTE FLAN 12*80G PACK DANONE;Cremerie;;24.95;;50;5;02092.jpg;
2105;CREME LIQUIDE SUCREE POUR CHANTILLY 1L FARHA SOCRECH;Cremerie;;36.50;;50;5;02105.jpg;
2107;CREME UHT DE CUISSON LEGERE 500ML JAOUDA;Cremerie;;19.95;;50;5;02107.jpg;
2114;DANETTE CREME DESSERT CHOCOLAT 12*80G;Cremerie;;24.95;;50;5;02114.jpg;
2136;FROMAGE A LA CREME 2*170G GERVAIS;Cremerie;;32.10;;50;5;02136.jpg;
2137;FROMAGE A LA CREME 450G LE BERGER;Cremerie;;32.95;;50;5;02137.jpg;
2141;FROMAGE A TARTINER A LA CREME DE CAMENBERT 125G RENY PICOT;Cremerie;;23.95;;50;5;02141.jpg;
2146;FROMAGE A TARTINER NOIX 125G RONDELE PRESIDENT;Cremerie;3155250355084;62.95;;50;5;02146.jpg;
2159;FROMAGE CREME 16 PORTIONS LA VACHE QUI RIT;Cremerie;;26.00;;50;5;02159.jpg;
2160;FROMAGE CREME 8 PORTIONS LA VACHE QUI RIT;Cremerie;;12.95;;50;5;02160.jpg;
2161;FROMAGE CREME ROUGE 16 PORTIONS LA VACHE QUI RIT;Cremerie;;26.00;;50;5;02161.jpg;
2170;FROMAGE FONDANT EN TRANCHES 400G KHAYRAT;Cremerie;;22.95;;50;5;02170.jpg;
2172;FROMAGE FONDU 12 PORTIONS KIRI;Cremerie;3073781131925;23.50;;50;5;02172.jpg;
2173;FROMAGE FONDU 16 PORTIONS LA VACHE QUI RIT;Cremerie;3073781175011;25.95;;50;5;02173.jpg;
2177;FROMAGE FONDU 2X16P STANDARD + 8P CREME LA VACHE QUI RIT;Cremerie;;45.95;;50;5;02177.jpg;
2179;FROMAGE FONDU 64 PORTIONS COEUR DE LAIT;Cremerie;;49.95;;50;5;02179.jpg;
2180;FROMAGE FONDU 64 PORTIONS MUSCLY JAOUDA;Cremerie;;53.95;;50;5;02180.jpg;
2182;FROMAGE FONDU 64 PORTIONS PERLY JAOUDA;Cremerie;;59.95;;50;5;02182.jpg;
2184;FROMAGE FONDU 8 PORTIONS LA VACHE QUI RIT;Cremerie;3073781175011;12.95;;50;5;02184.jpg;
2190;FROMAGE FRAIS MUSCLY FRAISE 8*80G PACK JAOUDA;Cremerie;;19.95;;50;5;02190.jpg;
2191;FROMAGE FRAIS NATURE SUCRE 8*80G PACK GERVAIS;Cremerie;;27.95;;50;5;02191.jpg;
2197;FROMAGE L’EMMENTAL FRANCAIS RAPE 100G ENTREMONT;Cremerie;3123930711000;28.90;;50;5;02197.jpg;
2212;FROMAGE PERLY NATURE 8*85G PACK JAOUDA;Cremerie;;23.95;;50;5;02212.jpg;
2213;FROMAGE PERLY NATURE SUCRE PACK 8X85G JAOUDA;Cremerie;;23.95;;50;5;02213.jpg;
2218;FROMAGE TRANCHE FONDANT 200G KHAYRAT;Cremerie;;12.95;;50;5;02218.jpg;
2221;JUS D’ORANGE AU LAIT 420G PRESS UP JAOUDA;Cremerie;;4.95;;50;5;02221.jpg;
2222;JUS FAWAKIH LAIT ORANGE/FRAISE 0% 900ML CHERGUI;Cremerie;;10.95;;50;5;02222.jpg;
2225;JUS PRESS’UP ORANGE 950G JAOUDA;Cremerie;;9.95;;50;5;02225.jpg;
2226;LAIT AROMATISE GHANI CHOCOLAT 200 G JAOUDA;Cremerie;;3.95;;50;5;02226.jpg;
2227;LAIT AROMATISE GHANI CHOCOLAT 6*200G PACK JAOUDA;Cremerie;;23.70;;50;5;02227.jpg;
2228;LAIT AROMATISE GHANI FRAISE 200G JAOUDA;Cremerie;;3.95;;50;5;02228.jpg;
2229;LAIT AROMATISE GHANI FRAISE 6*200ML PACK JAOUDA;Cremerie;;23.70;;50;5;02229.jpg;
2231;LAIT CHOCOLAT JIBI 200ML CENTRALE;Cremerie;;3.95;;50;5;02231.jpg;
2232;LAIT DE CROISSANCE 500ML CENTRALE;Cremerie;;8.95;;50;5;02232.jpg;
2233;LAIT DE CROISSANCE UHT 500 ML JAOUDA;Cremerie;;6.95;;50;5;02233.jpg;
2238;LAIT UHT DEMI ECREME 1L GRAN COEUR;Cremerie;;13.95;;50;5;02238.jpg;
2239;LAIT UHT DEMI ECREME 1L JAOUDA;Cremerie;;11.95;;50;5;02239.jpg;
2240;LAIT UHT DEMI ECREME 1L PRESIDENT;Cremerie;;14.95;;50;5;02240.jpg;
2241;LAIT UHT DEMI ECREME 500 ML JAOUDA;Cremerie;;4.95;;50;5;02241.jpg;
2242;LAIT UHT ECREME 1L PRESIDENT;Cremerie;;14.95;;50;5;02242.jpg;
2243;LAIT UHT ENTIER 6*1L JAOUDA;Cremerie;;65.70;;50;5;02243.jpg;
2246;LAIT UHT ENTIER 1L JAOUDA;Cremerie;6111242101180;10.95;;50;5;02246.jpg;
2248;LAIT UHT ENTIER 500 ML JAOUDA;Cremerie;11072164;5.95;;50;5;02248.jpg;
2250;LAIT UHT ENTIER 6*1L PACK SALIM;Cremerie;;56.95;;50;5;02250.jpg;
2251;LAIT UHT ENTIER SANS LACTOSE 1L JAOUDA;Cremerie;;12.95;;50;5;02251.jpg;
2252;LAIT UHT LINEA 0% 1L JAOUDA;Cremerie;;11.45;;50;5;02252.jpg;
2253;LAIT UHT LINEA 0% 500 ML JAOUDA;Cremerie;;5.95;;50;5;02253.jpg;
2279;NECTAR ORANGE PRESS’UP 230G JAOUDA;Cremerie;;2.95;;50;5;02279.jpg;
2280;NECTAR PRESS’UP FRAIS PECHE-ORANGE 950G JAOUDA;Cremerie;;10.95;;50;5;02280.jpg;
2309;YAOURT A BOIRE 330G LE NATURE JAOUDA;Cremerie;;4.95;;50;5;02309.jpg;
2311;YAOURT A BOIRE ACTIMEL PROTECT FRAISE 6*100G PACK DANONE;Cremerie;;20.95;;50;5;02311.jpg;
2312;YAOURT A BOIRE ACTIMEL PROTECT GINGEMBRE-CITRON 6*100G PACK DANONE;Cremerie;;20.95;;50;5;02312.jpg;
2316;YAOURT A BOIRE CHOCOLAT, AVOINE, NOIX DE COCO & MIEL 320G P’TIT DEJ JAOUDA;Cremerie;;4.95;;50;5;02316.jpg;
2317;YAOURT A BOIRE DANUP FRAISE 8*170G PACK DANONE;Cremerie;;31.95;;50;5;02317.jpg;
2318;YAOURT A BOIRE DANUP VANILLE 8*170G PACK DANONE;Cremerie;;31.95;;50;5;02318.jpg;
2324;YAOURT A BOIRE FRAISE, FRAMBOISE, GROSEILLE, 3 CEREALES & NOISETTES 320G P’TIT DEJ JAOUDA;Cremerie;;4.95;;50;5;02324.jpg;
2333;YAOURT ACTIVIA CEREALES 8*110G PACK DANONE;Cremerie;;23.50;;50;5;02333.jpg;
2334;YAOURT ANANAS COCO 0% SUCRE AJOUTE 0% MG 105G DANONE;Cremerie;;2.95;;50;5;02334.jpg;
2343;YAOURT BRASSE NATURE SUCRE 125G LES PLAISIRS CHERGUI;Cremerie;;9.05;;50;5;02343.jpg;
2344;YAOURT BRASSE NATURE SUCRE 60G COLAIMO;Cremerie;;0.95;;50;5;02344.jpg;
2346;YAOURT CERISE 0% SUCRE AJOUTE 0% MG 105G DANONE;Cremerie;;2.95;;50;5;02346.jpg;
2347;YAOURT CREME 110*16 LE PANIER CHERGUI;Cremerie;;31.95;;50;5;02347.jpg;
2348;YAOURT CREME MANGUE 8*110G PACK CHERGUI;Cremerie;;19.20;;50;5;02348.jpg;
2350;YAOURT DELICIMO NATURE SUCRE 90G JAOUDA;Cremerie;;2.95;;50;5;02350.jpg;
2355;YAOURT FINESSE CEREALES 4*110G PACK CHERGUI;Cremerie;;11.95;;50;5;02355.jpg;
2358;YAOURT GHILAL CEREALES 8*110G PACK JAOUDA;Cremerie;;19.90;;50;5;02358.jpg;
2364;YAOURT JNANE FERME NATURE SANS SUCRE 4*110G PACK CHERGUI;Cremerie;;9.95;;50;5;02364.jpg;
2365;YAOURT JNANE FERME NATURE SUCRE 110G 4*110G PACK CHERGUI;Cremerie;;9.95;;50;5;02365.jpg;
2375;YAOURT TENDRE NATURE SUCRE 8*110G PACK JAOUDA;Cremerie;;19.90;;50;5;02375.jpg;
